word	cand	cand_name	prob
СЛЕПОГЛУХОНЕМОЙ	4846-N	больной человек	0.9001305449440663
СЛЕПОГЛУХОНЕМОЙ	122050-N	немой человек	0.8862849474373263
СЛЕПОГЛУХОНЕМОЙ	615-N	инвалид	0.8276246444372711
СЛЕПОГЛУХОНЕМОЙ	111236-N	психически больной	0.7929929564606909
СЛЕПОГЛУХОНЕМОЙ	2149-N	человек	0.7355205953438606
СЛЕПОГЛУХОНЕМОЙ	149466-N	тяжелобольной	0.6131366623924289
СЛЕПОГЛУХОНЕМОЙ	5299-N	пожилой человек	0.5384877415869121
СЛЕПОГЛУХОНЕМОЙ	5043-N	глухонемой	0.29921639649284076
СЛЕПОГЛУХОНЕМОЙ	125864-N	талантливый человек	0.2458149292133923
СЛЕПОГЛУХОНЕМОЙ	613-N	несовершеннолетние дети	0.2426622701603878
РЕКВИЗИЦИЯ	5418-N	отчуждение имущества	0.90892691224168
РЕКВИЗИЦИЯ	144353-N	принудительное изъятие имущества	0.8706795772237089
РЕКВИЗИЦИЯ	106817-N	принудить, заставить	0.797195053579595
РЕКВИЗИЦИЯ	138080-N	изъять (отобрать)	0.7766438892605496
РЕКВИЗИЦИЯ	1842-N	имущественные отношения	0.7230496086117264
РЕКВИЗИЦИЯ	114304-N	передать во владение	0.6679947679084863
РЕКВИЗИЦИЯ	144001-N	возврат имущества, средств	0.6644370891088514
РЕКВИЗИЦИЯ	5420-N	имущественное взыскание	0.6409444483130556
РЕКВИЗИЦИЯ	570-N	приватизация	0.47299258833282815
РЕКВИЗИЦИЯ	135686-N	экспроприация собственности	0.45955738014714137
ЖИЛЕТ	108091-N	женская одежда	0.9782158316063226
ЖИЛЕТ	108612-N	костюм (одежда)	0.9770046886049855
ЖИЛЕТ	1256-N	одежда	0.9356080778495324
ЖИЛЕТ	132389-N	верхний трикотаж	0.9291139321034819
ЖИЛЕТ	108381-N	пиджак	0.9250279254968915
ЖИЛЕТ	108468-N	кофта	0.89759559441159
ЖИЛЕТ	108613-N	комбинезон	0.7904972525871591
ЖИЛЕТ	108474-N	накидка (одежда)	0.7900234254719849
ЖИЛЕТ	108555-N	трикотажная одежда	0.7630039661335419
ЖИЛЕТ	6892-N	пальто	0.7461607951495113
ГАНТЕЛЬ	128562-N	гимнастический снаряд	0.912234119569444
ГАНТЕЛЬ	2498-N	спортивный инвентарь	0.9017610031551043
ГАНТЕЛЬ	107387-N	штанга (стержень)	0.7200094059633323
ГАНТЕЛЬ	126894-N	физические упражнения	0.7159531268958519
ГАНТЕЛЬ	107233-N	стержень (предмет)	0.5632451934637254
ГАНТЕЛЬ	9686-N	мяч	0.5298597654202961
ГАНТЕЛЬ	117756-N	перекладина (поперечный брус)	0.4967950611151901
ГАНТЕЛЬ	106553-N	приспособление, инструмент	0.47237833373500754
ГАНТЕЛЬ	5097-N	тренажер	0.4705223695183894
ГАНТЕЛЬ	109373-N	мышца	0.4089400785320049
АННИГИЛЯЦИЯ	111097-N	изменение агрегатного состояния	0.6835321131828397
АННИГИЛЯЦИЯ	115302-N	распасться на составные части	0.677133536231143
АННИГИЛЯЦИЯ	106629-N	измениться, изменение	0.6360171290727753
АННИГИЛЯЦИЯ	106823-N	деградация	0.6236148462530585
АННИГИЛЯЦИЯ	111951-N	разрушить (нарушить, уничтожить)	0.5269297742703225
АННИГИЛЯЦИЯ	150331-N	добровольная ликвидация	0.4543072717186328
АННИГИЛЯЦИЯ	128431-N	обезвредить	0.43291635854086613
АННИГИЛЯЦИЯ	106950-N	превратить (придать иной вид, качество)	0.4213229121071374
АННИГИЛЯЦИЯ	106531-N	прекратить, положить конец	0.41612436254638774
АННИГИЛЯЦИЯ	106951-N	превратиться	0.4108077647213458
