word	hypernym_in	mapped_ids	matched	reason	head_candidates
СЛЕПОГЛУХОНЕМОЙ	живое существо	"[""106569-N"", ""106579-N""]"	True	sense_head:существо	"[""существо"", ""живое""]"
СЛЕПОГЛУХОНЕМОЙ	человек	"[""2149-N""]"	True	sense_exact	"[""человек""]"
СЛЕПОГЛУХОНЕМОЙ	лицо	"[""110629-N"", ""123943-N"", ""107733-N""]"	True	sense_exact	"[""лицо""]"
СЛЕПОГЛУХОНЕМОЙ	индивид	[]	False	sense_exact	"[""индивид""]"
СЛЕПОГЛУХОНЕМОЙ	человек с инвалидностью	[]	False	no_match	"[""инвалидностью""]"
СЛЕПОГЛУХОНЕМОЙ	инвалид	"[""615-N""]"	True	sense_exact	"[""инвалид""]"
СЛЕПОГЛУХОНЕМОЙ	человек с сенсорными нарушениями	[]	False	no_match	"[""нарушениями"", ""сенсорными""]"
СЛЕПОГЛУХОНЕМОЙ	слепоглухой	[]	False	no_match	"[""слепоглухой""]"
РЕКВИЗИЦИЯ	явление	"[""106549-N"", ""115524-N"", ""111329-N""]"	True	sense_exact	"[""явление""]"
РЕКВИЗИЦИЯ	действие	"[""148765-N"", ""106503-N"", ""118698-N"", ""118601-N"", ""119704-N""]"	True	sense_exact	"[""действие""]"
РЕКВИЗИЦИЯ	социальное действие	[]	False	sense_head:действие	"[""действие"", ""социальное""]"
РЕКВИЗИЦИЯ	правовая мера	"[""106711-N"", ""106513-N"", ""132586-N"", ""8646-N""]"	True	sense_head:мера	"[""мера"", ""правовая""]"
РЕКВИЗИЦИЯ	административная мера	[]	False	sense_head:мера	"[""мера"", ""административная""]"
РЕКВИЗИЦИЯ	принудительная мера	[]	False	sense_head:мера	"[""мера"", ""принудительная""]"
РЕКВИЗИЦИЯ	изъятие	"[""110909-N"", ""138080-N""]"	True	sense_exact	"[""изъятие""]"
РЕКВИЗИЦИЯ	принудительное изъятие	[]	False	sense_head:изъятие	"[""изъятие"", ""принудительное""]"
РЕКВИЗИЦИЯ	отчуждение имущества	"[""5418-N""]"	True	sense_head:отчуждение	"[""имущества"", ""отчуждение""]"
ЖИЛЕТ	предмет	"[""106645-N"", ""106554-N""]"	True	sense_exact	"[""предмет""]"
ЖИЛЕТ	вещь	[]	False	sense_exact	"[""вещь""]"
ЖИЛЕТ	изделие	"[""109873-N""]"	True	sense_exact	"[""изделие""]"
ЖИЛЕТ	швейное изделие	[]	False	sense_head:изделие	"[""изделие"", ""швейное""]"
ЖИЛЕТ	одежда	"[""1256-N""]"	True	sense_exact	"[""одежда""]"
ЖИЛЕТ	предмет одежды	[]	False	sense_head:предмет	"[""одежды"", ""предмет""]"
ЖИЛЕТ	верхняя одежда	[]	False	sense_head:одежда	"[""одежда"", ""верхняя""]"
ЖИЛЕТ	плечевая одежда	[]	False	sense_head:одежда	"[""одежда"", ""плечевая""]"
ЖИЛЕТ	нательная одежда	[]	False	sense_head:одежда	"[""одежда"", ""нательная""]"
ЖИЛЕТ	жилетная одежда	[]	False	sense_head:одежда	"[""одежда"", ""жилетная""]"
ГАНТЕЛЬ	предмет	"[""106645-N"", ""106554-N""]"	True	sense_exact	"[""предмет""]"
ГАНТЕЛЬ	вещь	[]	False	sense_exact	"[""вещь""]"
ГАНТЕЛЬ	изделие	"[""109873-N""]"	True	sense_exact	"[""изделие""]"
ГАНТЕЛЬ	инвентарь	"[""1320-N""]"	True	sense_exact	"[""инвентарь""]"
ГАНТЕЛЬ	спортивный инвентарь	"[""2498-N""]"	True	sense_exact	"[""инвентарь"", ""спортивный""]"
ГАНТЕЛЬ	снаряд	"[""8104-N""]"	True	sense_exact	"[""снаряд""]"
ГАНТЕЛЬ	спортивный снаряд	[]	False	sense_exact	"[""снаряд"", ""спортивный""]"
ГАНТЕЛЬ	гимнастический снаряд	"[""128562-N""]"	True	sense_exact	"[""снаряд"", ""гимнастический""]"
ГАНТЕЛЬ	тренировочный снаряд	[]	False	sense_head:снаряд	"[""снаряд"", ""тренировочный""]"
ГАНТЕЛЬ	отягощение	"[""118200-N""]"	True	sense_exact	"[""отягощение""]"
АННИГИЛЯЦИЯ	явление	"[""106549-N"", ""115524-N"", ""111329-N""]"	True	sense_exact	"[""явление""]"
АННИГИЛЯЦИЯ	процесс	"[""135044-N"", ""2458-N""]"	True	sense_exact	"[""процесс""]"
АННИГИЛЯЦИЯ	физический процесс	"[""126008-N""]"	True	sense_exact	"[""процесс"", ""физический""]"
АННИГИЛЯЦИЯ	взаимодействие	"[""123478-N"", ""123479-N""]"	True	sense_exact	"[""взаимодействие""]"
АННИГИЛЯЦИЯ	физическое взаимодействие	[]	False	sense_head:взаимодействие	"[""взаимодействие"", ""физическое""]"
АННИГИЛЯЦИЯ	элементарный процесс	[]	False	sense_head:процесс	"[""процесс"", ""элементарный""]"
АННИГИЛЯЦИЯ	процесс превращения	[]	False	sense_head:процесс	"[""превращения"", ""процесс""]"
АННИГИЛЯЦИЯ	уничтожение	"[""133878-N"", ""106483-N""]"	True	sense_exact	"[""уничтожение""]"
АННИГИЛЯЦИЯ	взаимоуничтожение частиц	[]	False	no_match	"[""частиц"", ""взаимоуничтожение""]"
