word	how_found	used_form	chosen_sense	gold_size	scored_candidates
СПУТНИК	exact	спутник	2497-N	3	[["2497-N", 4], ["116356-N", 1], ["120689-N", 1]]
ОРБИТА	exact	орбита	122048-N	1	[["122048-N", 4], ["114446-N", 0]]
РАКЕТА	exact	ракета	3843-N	8	[["3843-N", 2], ["138366-N", 1], ["7087-N", 0]]
ДВИГАТЕЛЬ	exact	двигатель	2100-N	13	[["145680-N", 1], ["2100-N", 1]]
НОСИТЕЛЬ	exact	носитель	145566-N	1	[["6783-N", 2], ["145566-N", 1], ["511-N", 1]]
СТУПЕНЬ	exact	ступень	106762-N	10	[["106762-N", 1], ["107202-N", 1]]
МАРСОХОД	none	марсоход	NO_SENSES	0	[]
ЭКСПЕДИЦИЯ	exact	экспедиция	3829-N	1	[["133123-N", 0], ["142848-N", 0], ["146542-N", 0], ["148829-N", 0], ["3829-N", 0]]
БАЙКОНУР	exact	байконур	106444-N	0	[["106444-N", 0]]
ЛУНОХОД	exact	луноход	9664-N	0	[["9664-N", 1]]
АПОГЕЙ	exact	апогей	126282-N	4	[["125045-N", 2], ["126282-N", 0]]
ПЕРИГЕЙ	exact	перигей	125046-N	0	[["125046-N", 1]]
МИКРОСПУТНИК	alias	искусственный спутник	2497-N	3	[["2497-N", 4]]
НАСОС	exact	насос	994-N	1	[["994-N", 0]]
НАНОСПУТНИК	alias	спутник	2497-N	3	[["2497-N", 4], ["116356-N", 1], ["120689-N", 1]]
ЭКЗОМАРС	alias	миссия	126993-N	0	[["126993-N", 1], ["132623-N", 1], ["6549-N", 1]]
ВАЛУН	exact	валун	125516-N	0	[["125516-N", 0]]
ПРИЛУНЕНИЕ	alias	посадка	115245-N	2	[["115245-N", 2], ["112813-N", 1], ["134040-N", 1], ["118388-N", 0], ["151628-N", 0]]
ОРБИТЕР	alias	космический аппарат	1023-N	10	[["1023-N", 3]]
РАКЕТОПЛАН	none	ракетоплан	NO_SENSES	0	[]
