СПУТНИК	["1024-N", "133059-N", "133060-N"]
ОРБИТА	["148970-N"]
РАКЕТА	["133535-N", "139894-N", "145859-N", "146858-N", "1692-N", "5840-N", "6783-N", "7406-N"]
ДВИГАТЕЛЬ	["110566-N", "126879-N", "127526-N", "143510-N", "143511-N", "146883-N", "2099-N", "4693-N", "4694-N", "8301-N", "8421-N", "8422-N", "8936-N"]
НОСИТЕЛЬ	["8036-N"]
СТУПЕНЬ	["108087-N", "118844-N", "118846-N", "121260-N", "121261-N", "130669-N", "139687-N", "143873-N", "153676-N", "154083-N"]
МАРСОХОД	[]
ЭКСПЕДИЦИЯ	["7616-N"]
БАЙКОНУР	[]
ЛУНОХОД	[]
АПОГЕЙ	["134480-N", "139365-N", "145430-N", "154088-N"]
ПЕРИГЕЙ	[]
МИКРОСПУТНИК	[]
НАСОС	["144635-N"]
НАНОСПУТНИК	[]
ЭКЗОМАРС	[]
ВАЛУН	[]
ПРИЛУНЕНИЕ	[]
ОРБИТЕР	[]
РАКЕТОПЛАН	[]
