АПОГЕЙ	["125046-N", "134480-N", "139365-N", "145430-N", "148968-N", "154088-N"]
БАЙКОНУР	["138521-N", "242-N", "4200-N"]
ВАЛУН	["108698-N"]
ДВИГАТЕЛЬ	["110566-N", "126879-N", "127526-N", "143510-N", "143511-N", "146883-N", "2099-N", "2100-N", "4693-N", "4694-N", "5951-N", "8301-N", "8421-N", "8422-N", "8936-N"]
ЛУНОХОД	["1023-N", "956-N", "9894-N"]
МАРСОХОД	["1023-N", "956-N", "9894-N"]
МИКРОСПУТНИК	["1023-N", "1024-N", "133059-N", "133060-N", "2497-N", "956-N"]
НАНОСПУТНИК	["1023-N", "1024-N", "133059-N", "133060-N", "2497-N", "956-N"]
НАСОС	["106555-N", "144635-N", "994-N"]
НОСИТЕЛЬ	["143906-N", "3843-N", "5840-N", "6239-N", "8036-N"]
ОРБИТА	["116178-N", "122048-N", "148968-N", "148970-N"]
ОРБИТЕР	["1023-N", "1024-N", "116359-N", "122048-N", "133058-N", "133059-N", "148700-N", "2497-N", "7384-N", "8250-N", "9664-N", "9894-N"]
ПЕРИГЕЙ	["125045-N", "148968-N"]
ПРИЛУНЕНИЕ	["112343-N", "115245-N", "153865-N", "955-N"]
РАКЕТА	["133535-N", "139894-N", "145859-N", "146858-N", "1683-N", "1692-N", "3843-N", "5840-N", "6783-N", "7406-N"]
РАКЕТОПЛАН	["1023-N", "211-N", "212-N"]
СПУТНИК	["1023-N", "1024-N", "116356-N", "133059-N", "133060-N", "2497-N"]
СТУПЕНЬ	["108087-N", "118844-N", "118846-N", "121260-N", "121261-N", "130669-N", "139687-N", "143873-N", "153676-N", "154083-N"]
ЭКЗОМАРС	["1023-N", "153663-N", "4494-N", "956-N", "9894-N"]
ЭКСПЕДИЦИЯ	["2661-N", "3829-N", "4494-N", "5920-N", "7616-N"]
