АСТРОНОМИЯ	["112189", "137619"]
ЛЕТАТЕЛЬНЫЙ АППАРАТ	["106555"]
САМОЛЕТ	["137876", "142555"]
ВЕРТОЛЕТ	["8728", "142555", "166463"]
РЕАКТИВНЫЙ САМОЛЕТ	["212"]
СВЕРХЗВУКОВОЙ САМОЛЕТ	["214"]
АВИАЦИОННАЯ ПРОМЫШЛЕННОСТЬ	["5357"]
ВОЕННЫЙ САМОЛЕТ	["212", "9416"]
КОСМОС	["106610"]
КОСМОНАВТИКА	["106562"]
КОСМИЧЕСКАЯ ТЕХНИКА	["106555"]
СПУТНИКОВАЯ СВЯЗЬ	["143535"]
КОСМИЧЕСКИЙ АППАРАТ	["211", "956"]
ОРБИТАЛЬНАЯ СТАНЦИЯ	["2497", "116359"]
СПУТНИК СВЯЗИ	["2497"]
КРЫЛАТАЯ РАКЕТА	["133535", "145859"]
ИСКУССТВЕННЫЙ СПУТНИК ЗЕМЛИ	["1023"]
РАКЕТНЫЙ ДВИГАТЕЛЬ	["8301"]
КОСМИЧЕСКАЯ СЛУЖБА	["106571"]
КОСМОНАВТ	["2550"]
НЕБЕСНОЕ ТЕЛО	["132980"]
ПЛАНЕТА	["3540"]
КОСМИЧЕСКАЯ ПРОМЫШЛЕННОСТЬ	["50", "7127", "171747"]
АЭРОКОСМИЧЕСКАЯ РАЗВЕДКА	["2602", "4083"]
РАКЕТА	["211"]
БЕСПИЛОТНЫЙ ЛЕТАТЕЛЬНЫЙ АППАРАТ	["211", "168149"]
КОСМИЧЕСКАЯ СЪЕМКА	["5431"]
МЕЖКОНТИНЕНТАЛЬНАЯ БАЛЛИСТИЧЕСКАЯ РАКЕТА	["5840", "7408", "143905"]
АВИАЦИОННОЕ ОБОРУДОВАНИЕ	["1320", "143441"]
КОСМОДРОМ	["2525"]
ВОЕННО-КОСМИЧЕСКИЕ СИЛЫ	["113365", "135192"]
АЭРОСЪЕМКА	["5189", "5431"]
АВИАЦИОННОЕ ТОПЛИВО	["145"]
АВИАЦИОННЫЙ ПОЛЕТ	["107445"]
КОСМИЧЕСКИЙ ПОЛЕТ	["107445"]
АЭРОФОТОСЪЕМОЧНЫЙ МАТЕРИАЛ	["111644"]
ВЗЛЕТНО-ПОСАДОЧНАЯ ПОЛОСА	["107510"]
АЭРОНАВИГАЦИЯ	["234"]
АСТРОНОМИЧЕСКАЯ ОБСЕРВАТОРИЯ	["148518"]
КОСМИЧЕСКАЯ ЭНЕРГЕТИКА	["1"]
БОРТИНЖЕНЕР	["591"]
БОРТПРОВОДНИК	["129838"]
АЭРОНАВИГАЦИОННОЕ ОБОРУДОВАНИЕ	["4150", "5383"]
АЭРОКОСМОСЪЕМОЧНЫЕ РАБОТЫ	["4344"]
КОСМИЧЕСКИЙ ЭКИПАЖ	["2128"]
ВЫНУЖДЕННАЯ ПОСАДКА	["4151", "153865"]
БАЛЛИСТИЧЕСКАЯ РАКЕТА	["133535", "145859"]
ТРАНСПОРТНЫЙ САМОЛЕТ	["212", "144363"]
АВИАЦИОННЫЙ ЗАВОД	["121655"]
АСТРОФИЗИКА	["19", "856"]
РАДИОАСТРОНОМИЯ	["19"]
КОСМИЧЕСКОЕ ИЗЛУЧЕНИЕ	["2997", "133260"]
РАКЕТНО-КОСМИЧЕСКАЯ ТЕХНИКА	["956"]
ЭКИПАЖ ЛЕТАТЕЛЬНОГО АППАРАТА	["2128", "129838"]
МЕЖДУНАРОДНОЕ КОСМИЧЕСКОЕ ПРАВО	["1109"]
РАКЕТА-НОСИТЕЛЬ	["5840", "6239", "139894", "171124"]
ГЕОСТАЦИОНАРНАЯ ОРБИТА	["122048", "148970"]
БОМБАРДИРОВЩИК	["112160"]
СТРАТЕГИЧЕСКИЙ БОМБАРДИРОВЩИК	["7378", "143906"]
БАЛЛИСТИЧЕСКАЯ РАКЕТА МОРСКОГО БАЗИРОВАНИЯ	["5840"]
БАЛЛИСТИЧЕСКАЯ РАКЕТА СРЕДНЕЙ ДАЛЬНОСТИ	["5840"]
БАЛЛИСТИЧЕСКАЯ РАКЕТА ВОЗДУШНОГО БАЗИРОВАНИЯ	["5840", "153822"]
КОСМИЧЕСКИЙ КОРАБЛЬ МНОГОРАЗОВОГО ИСПОЛЬЗОВАНИЯ	["1023", "8250"]
РАКЕТА-ПЕРЕХВАТЧИК	["133535"]
РАКЕТА С ЯДЕРНЫМИ БОЕГОЛОВКАМИ	["1657", "5840"]
КОСМИЧЕСКИЕ ВООРУЖЕНИЯ	["1196"]
ПРОТИВОСПУТНИКОВОЕ ОРУЖИЕ	["7479"]
ДИСТАНЦИОННОЕ ЗОНДИРОВАНИЕ ЗЕМЛИ	["146900"]
ЛЕТЧИК-КОСМОНАВТ	["120", "3461"]
БАЛЛИСТИЧЕСКАЯ РАКЕТА МЕНЬШЕЙ ДАЛЬНОСТИ	["5840"]
НЕБЕСНАЯ МЕХАНИКА	["19"]
ЛЕТНО-ТЕХНИЧЕСКИЕ ХАРАКТЕРИСТИКИ	["6872"]
ИСТРЕБИТЕЛЬ-БОМБАРДИРОВЩИК	["7378", "7965"]
МЕТЕОРИТ	["3540"]
ПИЛОТИРУЕМЫЙ КОСМИЧЕСКИЙ КОРАБЛЬ	["1023", "8728"]
БОЕВОЙ ВЫЛЕТ	["4493"]
БАЛЛИСТИЧЕСКАЯ РАКЕТА НАЗЕМНОГО БАЗИРОВАНИЯ	["5840"]
ТУРБОВИНТОВОЙ ДВИГАТЕЛЬ	["8936", "143511"]
СОЛНЕЧНАЯ СИСТЕМА	["143168"]
ПИЛОТИРУЕМАЯ КОСМОНАВТИКА	["955"]
ГАЛАКТИКА	["125338"]
БОРТМЕХАНИК	["110149"]
АВИАЦИОННЫЙ АНГАР	["6690"]
ГРАЖДАНСКОЕ ВОЗДУШНОЕ СУДНО	["8728"]
ПИЛОТИРУЕМЫЙ ЛЕТАТЕЛЬНЫЙ АППАРАТ	["169", "211"]
СОЛНЦЕ	["3540", "109931"]
АВИАЦИОННЫЙ ДВИГАТЕЛЬ	["2100", "143441"]
АВИАЦИОННОЕ ДВИГАТЕЛЕСТРОЕНИЕ	["5080"]
АВИАЦИОННОЕ МАСЛО	["114016"]
СТРАТОСФЕРА	["152745"]
ЛУНА	["116356"]
ДИРИЖАБЛЬ	["9479"]
АЭРОСТАТ	["145667"]
ГИДРОСАМОЛЕТ	["212"]
ЛУНОХОД	["1023"]
КОСМИЧЕСКАЯ ПЫЛЬ	["820"]
АВТОМАТИЧЕСКИЙ КОСМИЧЕСКИЙ АППАРАТ	["1023", "168149"]
МЕТЕОРОЛОГИЧЕСКИЙ СПУТНИК	["2497", "10046"]
АЭРОНАВИГАЦИОННЫЕ ПРАВИЛА	["106450"]
АСТРОНОМ	["21"]
АВИАКОНСТРУКТОР	["2393", "134744"]
ФЮЗЕЛЯЖ	["107072", "143441"]
ЗВЕЗДА (НЕБЕСНОЕ ТЕЛО)	["123867"]
КОМЕТА (НЕБЕСНОЕ ТЕЛО)	["3540"]
АСТЕРОИД	["3540"]
ИЛЛЮМИНАТОР	["107086", "142763", "143441"]
СТРАТОСТАТ	["9479"]
ПЛАНЕР	["138661", "145667"]
ВОЗДУШНЫЙ ШАР (АЭРОСТАТ)	["9479", "109575"]
КРЫЛО ЛЕТАТЕЛЬНОГО АППАРАТА	["107313", "143441"]
ДЕЛЬТАПЛАН	["110665", "165167"]
ПИЛОТИРОВАНИЕ	["106614"]
АЭРОБУС	["214", "128011"]
БОЕВОЙ САМОЛЕТ	["779"]
ПРИЗЕМЛИТЬ, ПОСАДИТЬ НА ЗЕМЛЮ	["108824"]
ПРИЗЕМЛИТЬСЯ	["111085", "153865"]
ПРИВОДНЕНИЕ	["153865"]
АЗИМУТ	["111752"]
МОНОПЛАН	["212"]
ЧЕРНАЯ ДЫРА	["132980"]
ШАССИ ЛЕТАТЕЛЬНОГО АППАРАТА	["106555", "143441"]
АВИАМОДЕЛЬ	["106526"]
ПИКИРОВАНИЕ САМОЛЕТА	["111719", "115151"]
ЗАВИСАНИЕ В ВОЗДУХЕ	["106615", "117816"]
СПУТНИК (НЕБЕСНОЕ ТЕЛО)	["3540"]
КОСМИЧЕСКАЯ СТАНЦИЯ	["1023"]
КАТАПУЛЬТИРОВАНИЕ ЭКИПАЖА	["117148"]
ВОЕННО-ТРАНСПОРТНЫЙ САМОЛЕТ	["779", "5924"]
КОСМИЧЕСКАЯ ОРБИТА	["116178"]
САМОЛЕТ, СОЗДАННЫЙ В РФ	["212", "122125"]
ИСТРЕБИТЕЛЬ-ПЕРЕХВАТЧИК	["7965", "165153"]
НЕБЕСНОЕ СВЕТИЛО	["3540"]
ТУМАННОСТЬ (КОСМИЧЕСКИЙ ОБЪЕКТ)	["125338"]
НЕОПОЗНАННЫЙ ЛЕТАЮЩИЙ ОБЪЕКТ	["211", "143955"]
ЛЕТАЮЩАЯ ТАРЕЛКА	["8250", "124563"]
АПОГЕЙ ОРБИТЫ	["148968"]
ПЕРИГЕЙ ОРБИТЫ	["148968"]
СОЗВЕЗДИЕ	["132980"]
СОЗВЕЗДИЕ ЗОДИАКА	["125313"]
СОЗВЕЗДИЕ СЕВЕРНОГО ПОЛУШАРИЯ	["125313"]
СОЗВЕЗДИЕ ЮЖНОГО ПОЛУШАРИЯ	["125313"]
ЭКВАТОРИАЛЬНОЕ СОЗВЕЗДИЕ	["125313"]
СКОПЛЕНИЕ ЗВЕЗД	["112324", "132980"]
ТУМАННОСТЬ АНДРОМЕДЫ	["124277"]
БЕСПОСАДОЧНЫЙ ПОЛЕТ	["4493"]
БИПЛАН (САМОЛЕТ)	["212"]
БОРТЖУРНАЛ	["125429"]
ВОЗДУШНЫЙ ПИЛОТАЖ	["111719", "132109"]
ФИГУРА ВЫСШЕГО ПИЛОТАЖА	["125435", "154265"]
ВЫСОТОМЕР	["3648", "114096"]
ВОЗДУШНЫЙ ЗМЕЙ	["145667"]
МАРШЕВЫЙ ДВИГАТЕЛЬ	["2900", "8301"]
МЕРТВАЯ ПЕТЛЯ	["125436"]
АТМОСФЕРНЫЙ ЗОНД	["10046", "110927"]
СОСТОЯНИЕ НЕВЕСОМОСТИ	["126008"]
СПУТНИКИ ЮПИТЕРА	["116356"]
ИО	["127367"]
ЕВРОПА (СПУТНИК ЮПИТЕРА)	["127367"]
ГАНИМЕД (СПУТНИК ЮПИТЕРА)	["127367"]
КАЛЛИСТО (СПУТНИК ЮПИТЕРА)	["127367"]
ПИКИРУЮЩИЙ БОМБАРДИРОВЩИК	["7378"]
СВЕРХНОВАЯ ЗВЕЗДА	["109931"]
КОСМИЧЕСКОЕ ЯВЛЕНИЕ	["111"]
ОБРАЗОВАНИЕ СВЕРХНОВОЙ ЗВЕЗДЫ	["106477", "128005"]
ПАССАЖИРСКИЙ САМОЛЕТ	["129632", "144362"]
САМОЛЕТЫ КОНКРЕТНЫХ ТИПОВ	["212"]
САМОЛЕТЫ ФИРМЫ БОИНГ	["128012"]
АВИАСТРОИТЕЛЬНАЯ КОМПАНИЯ	["847"]
ИНОПЛАНЕТЯНИН, ЖИТЕЛЬ ДРУГОЙ ПЛАНЕТЫ	["125035"]
ПУЛЬСАР	["132980"]
ШТОПОР (ПАДЕНИЕ)	["107447", "125436"]
МЕЖДУНАРОДНАЯ КОСМИЧЕСКАЯ СТАНЦИЯ	["1024"]
САМОЛЕТ-РАКЕТОНОСЕЦ	["779", "145346"]
САМОЛЕТЫ СИСТЕМЫ ТУПОЛЕВА	["122124", "128012"]
ТУПОЛЕВ-154	["128011", "129598", "129601"]
ТУПОЛЕВ-204	["128011", "129598", "129601"]
СРЕДНЕМАГИСТРАЛЬНЫЙ САМОЛЕТ	["212"]
БЛИЖНЕМАГИСТРАЛЬНЫЙ САМОЛЕТ	["212"]
ТУПОЛЕВ-134	["128011", "129598", "129602"]
ТУПОЛЕВ-334	["128011", "129598", "129602"]
ЯКОВЛЕВ-42	["128011", "129602", "129606"]
САМОЛЕТЫ СИСТЕМЫ ЯКОВЛЕВА	["122124", "128012"]
САМОЛЕТЫ СИСТЕМЫ ИЛЬЮШИНА	["122124", "128012"]
САМОЛЕТЫ СИСТЕМЫ АНТОНОВА	["128012"]
САМОЛЕТЫ МЕСТНЫХ АВИАЛИНИЙ	["212", "122124"]
АНТОНОВ-24	["128011", "129609", "129610"]
ЯКОВЛЕВ-40	["128011", "129606", "129610"]
АНТОНОВ-140	["128011", "129609", "129610"]
АВИАЦИОННОЕ КОНСТРУКТОРСКОЕ БЮРО	["2398"]
ИЛЬЮШИН-86	["128011", "129607"]
ИЛЬЮШИН-96	["128011", "129607"]
ИЛЬЮШИН-62	["128011", "129607", "135319"]
ГРАЖДАНСКИЙ САМОЛЕТ	["212", "8659"]
РЕГИОНАЛЬНЫЙ САМОЛЕТ ИЛ-112ВЭ	["128011", "129607", "129610"]
АВИАЦИОННЫЙ ИНЖЕНЕР	["591", "134744"]
АВТОМАТИЧЕСКАЯ СТЫКОВКА	["129898"]
КОСМИЧЕСКАЯ СТЫКОВКА	["111652"]
КОСМИЧЕСКАЯ СТАНЦИЯ "МИР"	["1024"]
РОССИЙСКИЙ КОСМОНАВТ	["3461"]
ПУСК РАКЕТЫ	["131907", "153663"]
РОССИЙСКИЙ КОСМИЧЕСКИЙ ПИЛОТИРУЕМЫЙ КОРАБЛЬ	["8250", "131425"]
ПИЛОТИРУЕМЫЙ КОРАБЛЬ "СОЮЗ"	["131422"]
ПИЛОТИРУЕМЫЙ КОРАБЛЬ "СОЮЗ ТМ"	["131422"]
РОССИЙСКИЙ КОСМИЧЕСКИЙ АППАРАТ	["1023"]
ЗАТМЕНИЕ НЕБЕСНОГО ТЕЛА	["128005", "131601"]
МАРСИАНИН (ЖИТЕЛЬ МАРСА)	["128346"]
ГУМАНОИД, ЧЕЛОВЕКОПОДОБНЫЙ ИНОПЛАНЕТЯНИН	["128346"]
ЗАПУСК КОСМИЧЕСКИХ АППАРАТОВ	["153663"]
ГРУЗОПАССАЖИРСКИЙ САМОЛЕТ	["212"]
СПУТНИКОВЫЙ ТЕЛЕФОН	["1022", "2414"]
КОВЕР-САМОЛЕТ	["169", "211", "132137"]
ВНЕЗЕМНАЯ ЖИЗНЬ	["114189"]
ВНЕЗЕМНОГО ПРОИСХОЖДЕНИЯ	["125860"]
ВНЕЗЕМНАЯ ЦИВИЛИЗАЦИЯ	["132752"]
ПЛАНЕТОХОД	["1023"]
КОСМИЧЕСКИЙ ОБЪЕКТ	["147133"]
СКОРОПОДЪЕМНОСТЬ	["8110", "110034"]
ПОТОЛОК ВЫСОТЫ	["8110", "106758", "128182"]
БОМБОВАЯ НАГРУЗКА	["8110"]
ЛОНЖЕРОН	["143441"]
КОСМИЧЕСКИЙ АППАРАТ ВОЕННОГО НАЗНАЧЕНИЯ	["1023"]
ВОЕННЫЙ СПУТНИК	["2497", "133058"]
РАЗВЕДЫВАТЕЛЬНЫЙ СПУТНИК	["133059"]
ПРОТИВОРАКЕТНЫЙ СПУТНИК	["7405", "133059"]
СПУТНИК РАДИОТЕХНИЧЕСКОЙ РАЗВЕДКИ	["133060"]
МЕЖПЛАНЕТНЫЙ КОСМИЧЕСКИЙ АППАРАТ	["1023"]
МЕЖПЛАНЕТНЫЙ КОСМИЧЕСКИЙ ПОЛЕТ	["4494"]
МЕТЕОРОЛОГИЧЕСКАЯ РАКЕТА	["10046", "133536"]
УПРАВЛЯЕМАЯ РАКЕТА	["3843"]
НЕУПРАВЛЯЕМАЯ РАКЕТА	["3843"]
СТУПЕНЬ РАКЕТЫ	["2900", "130755"]
МНОГОЦЕЛЕВОЙ ИСТРЕБИТЕЛЬ	["7965"]
РАКЕТА НА ТВЕРДОМ ТОПЛИВЕ	["3843"]
РАКЕТА НА ЖИДКОМ ТОПЛИВЕ	["3843"]
ПОРОХОВАЯ РАКЕТА	["133547"]
ПЛАНЕТАРНОЕ КОЛЬЦО	["132980"]
АВИАСТРОИТЕЛЬ	["129959"]
ПРОТИВОПОЖАРНАЯ АВИАЦИЯ	["142555"]
ДАЛЬНЕМАГИСТРАЛЬНЫЙ САМОЛЕТ	["212"]
РАКЕТОСТРОЕНИЕ	["771", "3803"]
РАЗГОННЫЙ БЛОК	["134817", "171124"]
ПРЕДПРИЯТИЕ КОСМИЧЕСКОЙ ОТРАСЛИ	["57"]
РЕМОНТ АВИАЦИОННОЙ ТЕХНИКИ	["464"]
АВИАРЕМОНТНОЕ ПРЕДПРИЯТИЕ	["57"]
ВЕНЕРИАНЕЦ	["128346"]
ШЛЮЗОВОЙ ОТСЕК	["106555", "133502"]
АВИАГОРИЗОНТ	["5411", "8158"]
АФЕЛИЙ ОРБИТЫ	["148968"]
ПЕРИГЕЛИЙ ОРБИТЫ	["148968"]
МАГНИТНАЯ БУРЯ	["111", "106629"]
БОРТОВОЙ САМОПИСЕЦ	["142138", "143441"]
ГЕОСТАЦИОНАРНЫЙ СПУТНИК	["2497"]
САМОЛЕТ-ТОРПЕДОНОСЕЦ	["7378"]
ПЕРЕБОРКА (ТОНКАЯ СТЕНКА)	["142763", "143441", "148421"]
ВТОРАЯ КОСМИЧЕСКАЯ СКОРОСТЬ	["110034"]
ПАРАБОЛИЧЕСКАЯ АНТЕННА	["3746", "4676"]
САМОЛЕТ-ЗАПРАВЩИК	["779"]
ПАРАПЛАН (СПОРТИВНЫЙ ПАРАШЮТ)	["2498", "4283", "165167"]
КОСМИЧЕСКАЯ БИОЛОГИЯ	["32"]
КВАЗАР	["132980"]
СКАФАНДР КОСМОНАВТА	["108777"]
ВЫХОД В ОТКРЫТЫЙ КОСМОС	["117911"]
АВИАШОУ	["1443", "4493"]
КОСМОГОНИЯ	["19"]
КОСМИЧЕСКИЕ ИССЛЕДОВАНИЯ	["6338"]
АВИАЦИОННАЯ ТЕХНИКА	["145667"]
НАВИГАЦИОННЫЙ СПУТНИК	["2497"]
ЗВЕЗДА ЭКВАТОРИАЛЬНОГО НЕБА	["109931"]
ЗВЕЗДА СЕВЕРНОГО ПОЛУШАРИЯ	["109931"]
ЗВЕЗДА ЮЖНОГО ПОЛУШАРИЯ	["109931"]
РОССИЙСКИЙ КОСМОДРОМ	["4200"]
КОСМОДРОМ США	["4200"]
АСТРОНОМИЧЕСКАЯ КАРТА	["107186"]
ШТУРМАН АВИАЦИИ	["4129"]
АЭРОПЛАН (ПРОСТЕЙШИЙ САМОЛЕТ)	["212"]
КИЛЬ САМОЛЕТА	["107313", "143441"]
МНОГОСТУПЕНЧАТАЯ РАКЕТА	["3843"]
КОСМИЧЕСКАЯ НАВИГАЦИЯ	["234"]
СПУТНИК МОРСКОЙ СВЯЗИ	["1025", "137984"]
КОСМИЧЕСКИЙ ТЕЛЕСКОП	["2497", "5271"]
АСТРОГЕОЛОГИЯ	["19", "269"]
ДВИГАТЕЛЬ КОСМИЧЕСКОГО КОРАБЛЯ	["2100"]
РАЗВЕДЫВАТЕЛЬНЫЙ САМОЛЕТ	["779"]
САМОЛЕТ УКОРОЧЕННОГО ВЗЛЕТА	["779"]
САМОЛЕТ ВЕРТИКАЛЬНОГО ВЗЛЕТА	["779"]
ИССЛЕДОВАНИЕ ЛУНЫ	["137619"]
КОСМИЧЕСКИЙ ПОЛЕТ К ЛУНЕ	["4494"]
ОБЛОМКИ КОСМИЧЕСКОГО КОРАБЛЯ	["137669"]
ВЫЖИВАНИЕ В КОСМОСЕ	["130368"]
АВИАТРАНСПОРТНОЕ СРЕДСТВО	["169", "137876"]
ПЛАНЕТАРНАЯ СИСТЕМА	["132980"]
МЕЖПЛАНЕТНОЕ ПРОСТРАНСТВО	["106610"]
КРЕЙСЕРСКИЙ ПОЛЕТ	["4493"]
СПОРТИВНЫЙ САМОЛЕТ	["212"]
ЧАСТЬ ЛЕТАТЕЛЬНОГО АППАРАТА	["143440"]
ЧАРТЕРНЫЙ САМОЛЕТ	["129632"]
ТУРБОВИНТОВОЙ САМОЛЕТ	["212"]
СИСТЕМА РАСПОЗНАВАНИЯ СВОЙ-ЧУЖОЙ	["510", "4150"]
СТРАТЕГИЧЕСКАЯ РАКЕТА	["1690", "7408", "143906"]
ТАКТИЧЕСКИЙ ИСТРЕБИТЕЛЬ	["7965", "144066"]
ТАКТИЧЕСКИЙ БОМБАРДИРОВЩИК	["7378", "144066"]
ПИЛОТИРУЕМЫЙ КОСМИЧЕСКИЙ ПОЛЕТ	["4494"]
ОРБИТАЛЬНАЯ ЛАБОРАТОРИЯ	["2497", "115143"]
ВОЗДУШНЫЙ ЛЕТАТЕЛЬНЫЙ АППАРАТ	["211"]
БОЕВАЯ РАКЕТА	["1683", "3843", "5541"]
ОРБИТАЛЬНЫЙ КОСМИЧЕСКИЙ КОРАБЛЬ	["1023"]
ШТУРМОВОЙ САМОЛЕТ	["112160", "139345"]
ШТУРМОВОЙ ВЕРТОЛЕТ	["9417", "139345"]
ПРОТИВОПОЖАРНЫЙ САМОЛЕТ	["212", "134965"]
КОМАНДИР ВОЗДУШНОГО СУДНА	["216", "106609"]
ЗЕНИТНАЯ РАКЕТА	["4824", "133535", "145859"]
ДИСТАНЦИОННОЕ ЗОНДИРОВАНИЕ	["112802", "137619", "150284"]
КРЫЛО САМОЛЕТА	["111517", "143441"]
САМОЛЕТОСТРОЕНИЕ	["467"]
ВЕРТОЛЕТОСТРОЕНИЕ	["467"]
ЭКСПЛУАТАЦИЯ ВОЗДУШНОГО СУДНА	["149262"]
СОЛНЕЧНОЕ ЗАТМЕНИЕ	["131609"]
ЛУННОЕ ЗАТМЕНИЕ	["131609"]
ПОЛНОЕ ЗАТМЕНИЕ	["131609"]
БОЧКА (ФИГУРА ВЫСШЕГО ПИЛОТАЖА)	["125436"]
ЭКСПЕРИМЕНТАЛЬНЫЙ САМОЛЕТ	["212", "147641"]
ЭКСПЕРИМЕНТАЛЬНАЯ АВИАЦИЯ	["137876", "145973"]
ЭКСПЕРИМЕНТАЛЬНЫЙ ВЕРТОЛЕТ	["213", "147641"]
ЭШЕЛОН ПОЛЕТА	["106758"]
НЕСУЩЕЕ КРЫЛО	["111517"]
КОСМИЧЕСКИЙ ЗОНД	["9894"]
ТОЧКА ОРБИТЫ	["120377"]
ОКОЛОСОЛНЕЧНАЯ ОРБИТА	["122048"]
ОКОЛОЗЕМНАЯ ОРБИТА	["122048"]
САНИТАРНЫЙ САМОЛЕТ	["212", "8219"]
ОКОЛОЗЕМНОЕ ПРОСТРАНСТВО	["106610"]
САМОЛЕТ-НЕВИДИМКА	["779"]
БЕЛЫЙ КАРЛИК	["165441"]
ГЛОНАСС	["153294"]
СПУТНИКОВАЯ СИСТЕМА НАВИГАЦИИ	["165434"]
СПУСКАЕМЫЙ КОСМИЧЕСКИЙ АППАРАТ	["1023"]
БУЛАВА (РАКЕТА)	["7381"]
АВИАЦИОННАЯ РАКЕТА	["145859"]
РАКЕТА ВОЗДУХ-ПОВЕРХНОСТЬ	["133535", "153822"]
РАКЕТА ВОЗДУХ-ВОЗДУХ	["153822"]
ПОСАДКА ЛЕТАТЕЛЬНОГО АППАРАТА	["108824", "115245"]
ЖЕСТКАЯ ПОСАДКА	["4151", "153867"]
АВАРИЙНАЯ ПОСАДКА	["5634"]
ЗАХОД НА ПОСАДКУ	["107441", "154265"]
ПОСАДКА НА БРЮХО	["153866"]
ПРИЛУНЕНИЕ	["153865"]
РАКЕТА-НОСИТЕЛЬ АНГАРА	["6783"]
РАКЕТА-НОСИТЕЛЬ ПРОТОН	["6783"]
ЦЕНТР УПРАВЛЕНИЯ ПОЛЕТАМИ	["3460"]
КОД-ШЕРИНГ	["2747"]
НАБЛЮДАТЕЛЬНЫЙ ПОЛЕТ	["4493"]
АЭРОФОБИЯ	["135768"]
ВЫПУСК ШАССИ	["130464"]
УБИРАНИЕ ШАССИ	["110912"]
ГЛИССАДА	["116178"]
СПЕЦСАМОЛЕТ	["212"]
РАДИОВЫСОТОМЕР	["125893", "145332"]
ВЗЛЕТ ЛЕТАТЕЛЬНОГО АППАРАТА	["107453"]
КАТАПУЛЬТНОЕ КРЕСЛО	["132300"]
БИЗНЕС-ДЖЕТ	["212", "214"]
СУПЕРЛУНИЕ	["128005"]
ВОЗДУШНОЕ ТАКСИ	["142555", "144362"]
РАКЕТА "ТОМАГАВК"	["1692"]
АКЦИОНЕРНОЕ ОБЩЕСТВО "ВЕРТОЛЕТЫ РОССИИ"	["128015", "129624"]
АО "ГРАЖДАНСКИЕ САМОЛЕТЫ СУХОГО"	["128015", "129624"]
РОСТОВСКИЙ ВЕРТОЛЕТНЫЙ ПРОИЗВОДСТВЕННЫЙ КОМПЛЕКС	["128015"]
НАУЧНО-ПРОИЗВОДСТВЕННАЯ КОРПОРАЦИЯ "ИРКУТ"	["128015", "166960"]
ЭКЗОПЛАНЕТА	["3660"]
КАЗАНСКИЙ ВЕРТОЛЕТНЫЙ ЗАВОД	["128015"]
УЛАН-УДЭНСКИЙ АВИАЦИОННЫЙ ЗАВОД	["5942"]
РОССИЙСКИЕ КОСМИЧЕСКИЕ СИСТЕМЫ	["155963"]
АО "КЛИМОВ"	["3300"]
КАЗАНСКИЙ АВИАЦИОННЫЙ ЗАВОД ИМЕНИ С.П. ГОРБУНОВА	["5942"]
КОСМИЧЕСКИЙ КОРАБЛЬ ПРОГРЕСС	["131425", "172353"]
СПУТНИК ГЛОНАСС	["137984"]
ЛЕТНЫЙ ЭКИПАЖ	["2128"]
КАБИННЫЙ ЭКИПАЖ	["2128"]
СОЛНЕЧНЫЙ ВЕТЕР	["109230", "128005", "145333"]
ВОРОНЕЖСКОЕ АКЦИОНЕРНОЕ САМОЛЕТОСТРОИТЕЛЬНОЕ ОБЩЕСТВО	["5942", "166960"]
РАКЕТА-НОСИТЕЛЬ РОКОТ	["6783"]
АВИАСТРОИТЕЛЬНЫЙ ЗАВОД "ПРОГРЕСС" ИМЕНИ САЗЫКИНА	["128015"]
НОВОСИБИРСКИЙ АВИАЦИОННЫЙ ЗАВОД ИМЕНИ В. П. ЧКАЛОВА	["5942"]
ПОЛЕТ ГАГАРИНА В КОСМОС	["126898", "144552"]
КОСМОДРОМ ВОСТОЧНЫЙ	["138521"]
ГИПЕРЗВУКОВАЯ РАКЕТА	["145859"]
РАКЕТА "КИНЖАЛ"	["7383", "172576"]
РАКЕТА ПЭТРИОТ	["7406", "8363"]
САМОЛЕТ СЕМЕЙСТВА СУХОЙ	["128012", "172355"]
ИСТРЕБИТЕЛЬ СУ	["7965", "165152"]
СУХОЙ СУПЕРДЖЕТ	["129602", "165152"]
ЛЕГКОМОТОРНЫЙ САМОЛЕТ	["212", "165167"]
СВЕРХЛЕГКИЙ ЛЕТАТЕЛЬНЫЙ АППАРАТ	["8728"]
КОМСОМОЛЬСКИЙ-НА-АМУРЕ АВИАЦИОННЫЙ ЗАВОД ИМЕНИ Ю. А. ГАГАРИН	["5942"]
ТАГАНРОГСКИЙ АВИАЦИОННЫЙ НАУЧНО-ТЕХНИЧЕСКИЙ КОМПЛЕКС	["5942"]
АВИАСТАР-СП	["5942"]
ИСТРЕБИТЕЛЬ СУ-35	["165153", "168888", "172353", "172357"]
ЛЕТНЫЕ ИСПЫТАНИЯ	["153282"]
САМОЛЕТ СЕМЕЙСТВА МИГ	["172355"]
ИСТРЕБИТЕЛЬ СУ-27	["165153", "172353"]
ИСТРЕБИТЕЛЬ МИГ-29	["7965", "165378", "172353"]
ПРОТИВОЛОДОЧНЫЙ САМОЛЕТ	["779", "7577"]
ИСТРЕБИТЕЛЬ СУ-57	["7965", "122124", "165153", "172353", "172357", "173219"]
ВЕРТОЛЕТ К-50	["165389", "172353", "172367"]
АО "КАМОВ"	["2398"]
ВЕРТОЛЕТ СЕМЕЙСТВА "КАМОВ"	["172355"]
ИСТРЕБИТЕЛЬ МИГ-31	["122126", "165378", "172353"]
ОРБИТАЛЬНАЯ СПУТНИКОВАЯ ГРУППИРОВКА	["1023", "114287"]
КОРИЧНЕВЫЙ КАРЛИК	["3540"]
КРАСНЫЙ КАРЛИК	["165441"]
КАРЛИКОВАЯ ЗВЕЗДА	["109931"]
КОСМИЧЕСКАЯ ПОГОДА	["128005"]
СТАРТОВЫЙ КОМПЛЕКС	["106621"]
ОРБИТАЛЬНЫЙ САМОЛЕТ	["1023"]
МАРСОХОД	["133709"]
СКОПЛЕНИЕ ГАЛАКТИК	["132980"]
РАДИОГАЛАКТИКА	["8620"]
МОТОПАРАПЛАН	["137142"]
МЕХАНИЗАЦИЯ КРЫЛА	["143441"]
ЗАКРЫЛОК	["166158"]
ВИНТОКРЫЛЫЙ ЛЕТАТЕЛЬНЫЙ АППАРАТ	["137876"]
ГИРОПЛАН	["166463"]
РАКЕТА "ЦИРКОН"	["1692", "133531", "172576"]
ЭКЗОЛУНА	["116356"]
РЕЧЕВОЙ САМОПИСЕЦ	["136135"]
МАКСИМАЛЬНАЯ ВЗЛЕТНАЯ МАССА	["8110", "140481"]
ЭЛЛИПТИЧЕСКАЯ ГАЛАКТИКА	["8620"]
СПИРАЛЬНАЯ ГАЛАКТИКА	["8620"]
СВЕРХГИГАНТ (ЗВЕЗДА)	["109931"]
БОРТОВОЙ ТРАП	["143441", "143455"]
КАРЛИКОВАЯ ПЛАНЕТА	["3660"]
ХОНДРИТ (МЕТЕОРИТ)	["8192", "108698"]
ХВОСТОВОЕ ОПЕРЕНИЕ САМОЛЕТА	["143441"]
ХВОСТ ЛЕТАТЕЛЬНОГО АППАРАТА	["112766", "143441"]
ГОРИЗОНТАЛЬНОЕ ОПЕРЕНИЕ	["167221"]
ВЕРТИКАЛЬНОЕ ОПЕРЕНИЕ	["167221"]
ОРБИТАЛЬНЫЙ ПОЛЕТ	["4494", "115204"]
СТРЕЛОВИДНОСТЬ КРЫЛА	["106559", "111752"]
ТВЕРДОТОПЛИВНЫЙ РАКЕТНЫЙ ДВИГАТЕЛЬ	["2900"]
БЕСПИЛОТНЫЙ РАЗВЕДЫВАТЕЛЬНЫЙ АППАРАТ	["140294", "167368"]
ВОЕННЫЙ БЕСПИЛОТНИК	["9416", "167369"]
БЕСПИЛОТНОЕ ВОЗДУШНОЕ СУДНО	["3881"]
ТУРЕЦКИЙ БЕСПИЛОТНИК BAYRAKTAR	["167372", "172544"]
УДАРНЫЙ БЕСПИЛОТНИК	["167368"]
ПОЯС АСТЕРОИДОВ	["107509", "132980"]
САМОЛЕТ СУДНОГО ДНЯ	["779", "156580"]
ДРОН-КАМИКАДЗЕ	["811", "167372"]
СЕЛЬСКОХОЗЯЙСТВЕННЫЙ ДРОН	["2384", "167369"]
ДРОН ГЕРАНЬ	["167671", "172469"]
ОРЕШНИК (РАКЕТА)	["7382"]
МЕЖКОНТИНЕНТАЛЬНАЯ БАЛЛИСТИЧЕСКАЯ РАКЕТА "АВАНГАРД"	["4124", "172576"]
БПЛА ЛАНЦЕТ	["167671", "172375"]
БПЛА MQ-9 REAPER	["167372", "167373", "172354"]
МОРСКОЙ БЕСПИЛОТНЫЙ АВИАЦИОННЫЙ КОМПЛЕКС	["167368"]
РАКЕТА GMLRS	["3843"]
БПЛА "БОБР"	["167373", "167671", "172469"]
ИСТРЕБИТЕЛЬ ЧЕТВЕРТОГО ПОКОЛЕНИЯ	["7965"]
ФРАНЦУЗСКИЙ ИСТРЕБИТЕЛЬ	["7965", "172459"]
DASSAULT MIRAGE 2000	["133538", "168887", "168888"]
ОПТОВОЛОКОННЫЙ ДРОН	["167372"]
НЕЙТРОННАЯ ЗВЕЗДА	["109931"]
STORM SHADOW	["1692"]
КОСМИЧЕСКАЯ ИНФРАСТРУКТУРА	["133852"]
СТАРТОВЫЙ СТОЛ	["110263"]
СРЕДСТВА ВЫВЕДЕНИЯ КОСМИЧЕСКИХ ОБЪЕКТОВ	["956"]
ГОЛОВНОЙ ОБТЕКАТЕЛЬ	["171125"]
ПЕРЕХОДНЫЙ ОТСЕК	["171125"]
КОСМИЧЕСКАЯ ГОЛОВНАЯ ЧАСТЬ	["171124"]
НАЗЕМНЫЙ БЕСПИЛОТНИК	["154868", "167368"]
СТАРЛИНК (ГРУППИРОВКА СПУТНИКОВ)	["165434"]
ИСТРЕБИТЕЛЬ СУ-34	["165153", "172353"]
ИСТРЕБИТЕЛЬ ЕВРОФАЙТЕР ТАЙФУН	["133538"]
ИСТРЕБИТЕЛЬ СУ-33	["165153", "172353"]
СКОРОСТНОЙ БЕСПИЛОТНЫЙ ВЕРТОЛЕТ	["9417", "145996"]
ТЯЖЕЛЫЙ ИСТРЕБИТЕЛЬ	["7965"]
ИСТРЕБИТЕЛЬ СУ-30СМ	["165153", "172353", "172357"]
ИСТРЕБИТЕЛЬ МИГ-35	["7965", "165378", "172353"]
ИСТРЕБИТЕЛЬ СУ-75	["122126", "165153"]
ТУПОЛЕВ-142	["129598", "165381"]
САМОЛЕТ ИЛ-276	["121964", "129607"]
САМОЛЕТ ДРЛО А-100	["212", "122124", "172434"]
РОССИЙСКИЙ ВОЕННЫЙ САМОЛЕТ	["779", "122124", "172353"]
САМОЛЕТ ИЛ-76	["121964", "172355"]
САМОЛЕТ ИЛ-78	["137074", "172355"]
ВЕРТОЛЕТ МИ-26	["9417", "172353"]
ВЕРТОЛЕТ МИ-35М	["9417", "172353"]
ВЕРТОЛЕТ МИ-38	["9417", "172353"]
ВЕРТОЛЕТ МИ-8	["9417", "172353"]
ВЕРТОЛЕТ КА-226	["9417", "172353"]
ВЕРТОЛЕТ КА-52	["145996", "172353", "172367"]
ПАК ДА	["7379", "121964", "172355"]
МЕЖКОНТИНЕНТАЛЬНАЯ БАЛЛИСТИЧЕСКАЯ РАКЕТА "ЯРС"	["4124", "143905", "172353"]
КРАЛАТАЯ РАКЕТА "КАЛИБР"	["1692"]
БОМБАРДИРОВЩИК-РАКЕТОНОСЕЦ ТУ-160	["7379", "129598", "172353", "172355"]
ВЕРТОЛЕТ МИ-28Н	["9417", "145996", "172353"]
ИСТРЕБИТЕЛЬ СУ-32	["165152", "165153", "172353"]
САМОЛЕТ ДРЛО	["779"]
ВОЕННЫЙ ВЕРТОЛЕТ РОССИИ	["172353", "172437"]
ВОЕННЫЙ ВЕРТОЛЕТ	["213", "9416"]
FPV-ДРОН	["167368", "167373"]
ГИПЕРЗВУКОВЫЕ РАКЕТНЫЕ КОМПЛЕКСЫ РОССИИ	["165132", "172575"]
МАЛЫЙ РАЗВЕДЫВАТЕЛЬНЫЙ БПЛА	["167373"]
БПЛА PENGUIN C	["167373", "172660"]
БПЛА А1-СМ "ФУРИЯ"	["173139"]
МАЛЫЙ БПЛА RQ-11 "RAVEN"	["172354", "172666"]
БПЛА-МП-1 "SPECTATOR"	["167373", "172469"]
БЕСПИЛОТНИК POSEIDON H10	["173139"]
БПЛА PRIMOCO ONE 150	["167373", "172476"]
БПЛА SKY-WATCH "HEIDRUN"	["172666", "172668"]
БПЛА FLYEYE	["167373", "172472"]
ВОЕННЫЙ ВЕРТОЛЕТ УКРАИНЫ	["172437", "172469"]
ВЕРТОЛЕТ BELL 47 ЛЕВ-1	["172730"]
ВЕРТОЛЕТ МИ-24 ПУ1	["172730"]
РАЗВЕДБЕСПИЛОТНИК АAEVEX AEROSPACE "PHOENIX GHOST"	["167373", "172354"]
БПЛА AEROVIRONMENT "PUMA"	["172354", "172666"]
БПЛА WARMATE	["3881", "172469", "172472"]
БПЛА REVOLVER 860	["167373"]
БПЛА V-BAT MQ-35A	["167373", "172354"]
БПЛА AEROVIRONMENT "QUANTIX"	["172354", "172666"]
БПЛА MALLOY T150	["167373", "172445"]
БПЛА LUNA	["3881", "167373", "172446"]
ДРОН BLACK HORNET NANO	["167373", "172629"]
КРЫЛАТАЯ РАКЕТА НЕПТУН	["1692", "133531", "172469"]
РАКЕТА FALCON	["6783"]
РАКЕТА BGM-71 TOW	["155295", "172354"]
РАКЕТА FGM-148 JAVELIN	["155295", "172354"]
РАКЕТА "СТУГНА-П"	["155295", "172469"]
ПРОТИВОТАНКОВАЯ РАКЕТА NLAW	["155295", "172445", "172452"]
ПЕХОТНАЯ ПРОТИВОТАНКОВАЯ РАКЕТА МИЛАН	["155295", "172446", "172459"]
ИСТРЕБИТЕЛЬ F-16	["779", "133538", "172354"]
ИСТРЕБИТЕЛЬ CAC/PAC JF-17	["7965", "133538", "172949", "172988"]
КИТАЙСКИЙ ИСТРЕБИТЕЛЬ J-10	["7965", "172949"]
ТВЕРДОТОПЛИВНАЯ МЕЖКОНТИНЕНТАЛЬНАЯ БАЛЛИСТИЧЕСКАЯ РАКЕТА	["4124"]
ТВЕРДОТОПЛИВНАЯ МЕЖКОНТИНЕНТАЛЬНАЯ БАЛЛИСТИЧЕСКАЯ РАКЕТА "ХВАСОНПХО-20"	["172891", "173009"]
ИСТРЕБИТЕЛЬ ДАССО "РАФАЛЬ"	["133538", "168887"]
ИСТРЕБИТЕЛЬ MCDONNEL DOUGLAS F-15A EAGLE	["7965", "172354"]
AIRBUS A330 MULTI ROLE TANKER TRANSPORT PLUS (MRTT+)	["137074"]
ВОЕННО-ТРАНСПОРТНЫЙ САМОЛЕТ AIRBUS A400M ATLAS	["121964", "143513"]
ИСТРЕБИТЕЛЬ SAAB JAS-39E GRIPEN	["7965", "172452"]
LOCKHEED MARTIN F-16C/D BLOCK 52	["172354", "172868"]
F-16V (VIPER) BLOCK 72	["172354", "172868"]
ИСТРЕБИТЕЛЬ LOCKHEED MARTIN F-35B LIGHTNING II	["7965", "172354"]
РАКЕТА BLACKBEARD GL	["144065", "165132", "172354"]
МНОГОЦЕЛЕВОЙ ВЕРТОЛЕТ UH-169D LUH	["172437", "172942"]
ВОЕННЫЙ ВЕРТОЛЕТ ИТАЛИИ	["172437"]
АВИАЦИОННАЯ КРЫЛАТАЯ РАКЕТА С8000 "БАНДЕРОЛЬ"	["1692"]
КРЫЛАТАЯ РАКЕТА ТАУРУС	["1692", "172446"]
ЧЕШСКИЙ УЧЕБНО-БОЕВОЙ САМОЛЕТ L-39 ALBATROS	["172476", "173159"]
САМОЛЕТ-ИСТРЕБИТЕЛЬ	["112160"]
LOCKHEED C-130 HERCULES	["121964", "172354"]
КРЫЛАТАЯ РАКЕТА США ВОЗДУШНОГО БАЗИРОВАНИЯ ERAM	["1692", "172354"]
КИТАЙСКИЙ ИСТРЕБИТЕЛЬ J-35A	["172949", "173078"]
РАЗВЕДБЕСПИЛОТНИК AEROVIRONMENT "SWITCHBLADE"	["167373", "172354"]
САМОЛЕТ KAWASAKI C-2	["121964", "172921"]
САМОЛЕТ KAWASAKI C-1	["121964", "172921"]
САМОЛЕТ EMBRAER C-390 MILLENNIUM	["121964", "173006"]
АМЕРИКАНСКИЙ ВОЕННЫЙ ВЕРТОЛЕТ SIKORSKY HH-60W	["172354", "172437"]
КИТАЙСКАЯ БАЛЛИСТИЧЕСКАЯ РАКЕТА МАЛОЙ ДАЛЬНОСТИ "ХВАСОН-11МА"	["5840", "173009"]
УКРАИНСКИЙ БПЛА "БОБЕР"	["173139"]
БПЛА "БАБА-ЯГА"	["167373", "172469"]
ПРОТИВОТАНКОВАЯ УПРАВЛЯЕМАЯ РАКЕТА	["7961", "133535"]
МЕЖКОНТИНЕНТАЛЬНАЯ БАЛЛИСТИЧЕСКАЯ РАКЕТА "САРМАТ"	["4124"]
ПРОТИВОТАНКОВЫЙ РАКЕТНЫЙ КОМПЛЕКС "КОРСАР"	["155295", "172469"]
СТЕЛС-ИСТРЕБИТЕЛЬ ПЯТОГО ПОКОЛЕНИЯ	["7965"]
ТАКТИЧЕСКАЯ БАЛЛИСТИЧЕСКАЯ РАКЕТА ATACMS	["5840", "133547", "144065", "172354"]
БПЛА АСУ-1 "ВАЛЬКИРИЯ"	["167373", "172469"]
БПЛА АН-196 "ЛЮТЫЙ"	["167373", "172469"]
БПЛА "VECTOR"	["172446", "172666"]
БПЛА BOEING INSITU SCANEAGLE	["167373", "172354"]
БПЛА ЛЕЛЕКА-100	["167373", "172469"]
БЕСПИЛОТНИК США MQ-9B SEAGUARDIAN	["3881", "172354"]
БЕСПИЛОТНИК BAYRAKTAR TB3	["167371"]
БПЛА STING	["167373", "172469"]
БПЛА SHAHED 136	["167373"]
БПЛА SHAHED 131	["167373"]
БЕСПИЛОТНИК UJ-22 AIRBORNE	["173139"]
БПЛА EMT LUNA X-2000	["3881", "172446"]
БПЛА CAMCOPTER S-100	["167369"]
УКРАИНСКИЙ БПЛА	["3881", "172469"]
НРТК КУРЬЕР	["171357"]
DJI MAVIC	["3881", "172949"]
E-300 ENTERPRISE	["167671", "172469"]
MOHAJER-6	["3881"]
БПЛА "ГОР"	["3881", "172469"]
ГЕКСАКОПТЕР МАНГАС	["167369", "172441"]
ДРОН ГЕРАНЬ‑2	["168109"]
ДРОН ГЕРАНЬ‑4	["168109"]
ДРОН ГЕРАНЬ‑5	["168109"]
САМОЛЕТ ИЛ-76МД-90А	["129607", "172353"]
БЕСПИЛОТНИК BAYRAKTAR TB2	["167371", "172544"]
УЧЕБНО-ТРЕНИРОВОЧНЫЙ САМОЛЕТ	["212", "779"]
САМОЛЕТ BEECHCRAFT T-6 TEXAN II	["172354", "173159"]
САМОЛЕТ T-7A RED HAWK	["172354", "173159"]
ПАТРУЛЬНЫЙ САМОЛЕТ BOEING P-8A POSEIDON ВВС США	["165381", "172354"]
УЧЕБНО-ТРЕНИРОВОЧНЫЙ САМОЛЕТ T-6JP TEXAN II	["172354", "173159"]
САМОЛЕТ ДРЛО GLOBALEYE	["172434", "172452"]
ТУРЕЦКИЙ УЧЕБНО-БОЕВОЙ САМОЛЕТ HURJET	["172544", "173159"]
УЧЕБНО-БОЕВОЙ САМОЛЕТ ЯК-130	["129606", "172353", "173159"]
ИСТРЕБИТЕЛЬ ПЯТОГО ПОКОЛЕНИЯ	["7965"]
БОЕВОЙ РОБОТ "УРАН-9"	["171357", "172353"]
ПЛАТФОРМА-М	["171357", "172353"]
БЕСПИЛОТНИК MQ‑9B SKYGUARDIAN	["3881", "172354"]
МОРСКОЙ ПАТРУЛЬНЫЙ САМОЛЕТ BOMBARDIER CL-604 CHALLENGER	["165381"]
ПРОТИВОТАНКОВАЯ УПРАВЛЯЕМАЯ РАКЕТА 9П162 КОРНЕТ-Т	["155295", "172353"]
РАКЕТА Х-31П	["133535", "153822", "172353"]
РАКЕТА Х-31АД	["133531", "144065", "153822", "172353"]
РАКЕТА Х-29ТЕ	["133535", "144065", "153822", "153823", "172353"]
РАКЕТА Р-73Э	["133535", "153822", "153827", "172353"]
РАКЕТА ГРОМ-Э1	["133535", "153822", "153823", "172353"]
РАКЕТА РВВ-АЕ	["153822", "153827", "172353"]
РАКЕТА РВВ-МД	["133535", "153822", "153827", "172353"]
РАКЕТА РВВ-СД	["133535", "153822", "153827", "172353"]
РАКЕТА РВВ-БД	["133535", "153822", "153827", "172353"]
АЭРОСТАТ АКВ-05	["9479", "172353"]
АЭРОСТАТ "ПЕРЕСВЕТ	["9479", "172353"]
ДИРИЖАБЛЬ "AU-30 АРГУС"	["9480", "172353"]
ДИРИЖАБЛЬ "АТЛАНТ-30"	["9480", "172353"]
РАЗВЕДЫВАТЕЛЬНЫЙ БПЛА "ИСКАТЕЛЬ"	["167373", "172353"]
ВЕРТОЛЕТ АНСАТ	["9417", "172353"]
ВЕРТОЛЕТ AS355N ÉCUREUIL 2	["9417", "172353"]
ВЕРТОЛЕТ КА-27	["9417", "172353"]
ВЕРТОЛЕТ КА-32	["9417", "172353"]
ВЕРТОЛЕТ МИ-17В-5	["9417", "172353"]
ВЕРТОЛЕТ МИ-171Ш	["9417", "172353"]
ВЕРТОЛЕТ МИ-8АМТШ	["9417", "172353"]
ВЕРТОЛЕТ МИ-35	["9417", "172353"]
ВЕРТОЛЕТ МИ-24	["9417", "145996", "172353"]
РАКЕТА-НОСИТЕЛЬ СОЮЗ-ФГ	["6783", "172353"]
БПЛА DJI PHANTOM 3	["167373", "172353"]
РАКЕТА-НОСИТЕЛЬ ПРОТОН-М	["6783", "172353"]
РАКЕТА-НОСИТЕЛЬ ДНЕПР	["6783", "172353"]
СЛУЖЕБНЫЙ МОДУЛЬ "ЗВЕЗДА"	["172353", "173455"]
МАЛЫЙ ИССЛЕДОВАТЕЛЬСКИЙ МОДУЛЬ "ПОИСК	["172353", "173455"]
СТЫКОВОЧНЫЙ ОТСЕК-МОДУЛЬ "ПИРС"	["172353", "173455"]
МОДУЛЬ МКС "ЗАРЯ"	["172353", "173455"]
ТРАНСПОРТНЫЙ ПИЛОТИРУЕМЫЙ КОСМИЧЕСКИЙ КОРАБЛЬ "СОЮЗ-МС"	["8250", "172353", "173455"]
ТРАНСПОРТНЫЙ ГРУЗОВОЙ КОРАБЛЬ "ПРОГРЕСС"	["172353", "173455"]
БПЛА-МИШЕНЬ "ДАНЬ"	["3881", "172353"]
МАЛЫЙ ИССЛЕДОВАТЕЛЬСКИЙ МОДУЛЬ "РАССВЕТ"	["172353", "173455"]
СПУТНИК ОПТИЧЕСКОЙ РАЗВЕДКИ "ПЕРСОНА"	["133060", "172353"]
АВИАЦИОННАЯ УПРАВЛЯЕМАЯ РАКЕТА КЛАССА "ВОЗДУХ – ВОЗДУХ" БОЛЬШОЙ ДАЛЬНОСТИ	["133535", "153827"]
РАКЕТА С-8КОМ	["133536", "153822", "172353"]
КОСМИЧЕСКИЙ АППАРАТ ДИСТАНЦИОННОГО ЗОНДИРОВАНИЯ ЗЕМЛИ	["956"]
КОСМИЧЕСКИЕ АППАРАТЫ В СОСТАВЕ МКС	["1023"]
МАЛЫЙ АППАРАТ ДИСТАНЦИОННОГО ЗОНДИРОВАНИЯ ЗЕМЛИ	["173450"]
СТРАТЕГИЧЕСКИЙ БОМБАРДИРОВЩИК ТУ-160М2	["129598", "172353"]
ВОЕННО-ТРАНСПОРТНЫЙ САМОЛЕТ АН-26	["121964", "129609", "172353"]
САМОЛЕТ ЯК-152	["172353", "173159"]
ИСТРЕБИТЕЛЬ СУ-24	["165153", "172353"]
БОМБАРДИРОВЩИК-РАКЕТОНОСЕЦ ТУ-95	["129598", "172353"]
ИСТРЕБИТЕЛЬ-БОМБАРДИРОВЩИК СУ-34Э	["165153", "172353"]
САМОЛЕТ АН-12	["121964", "129609", "172353"]
САМОЛЕТ АН-72	["5924", "129609", "172353"]
ИСТРЕБИТЕЛЬ МИГ-29К	["133538", "165378", "172353"]
САМОЛЕТ ИЛ-78МК-90А	["121964", "129607", "172353"]
РОССИЙСКАЯ СИСТЕМА КОСМИЧЕСКОЙ РАЗВЕДКИ "ЛИАНА"	["153294", "172353"]
САМОЛЕТ-АМФИБИЯ БЕ-200	["9625", "172353"]
ДИРИЖАБЛЬ АТЛАНТ-100	["9480", "172353"]
КРЫЛАТАЯ РАКЕТА ФЛАМИНГО	["1692", "172469"]
СИСТЕМА СПУТНИКОВОЙ СВЯЗИ	["2562"]
РАКЕТНЫЙ КОМПЛЕКС СТРАТЕГИЧЕСКОГО НАЗНАЧЕНИЯ РТ-2ПМ2 "ТОПОЛЬ-М2"	["4124", "7491", "172353"]
РАКЕТНЫЙ КОМПЛЕКС УР-100Н УТТХ	["4124", "7491", "172353"]
