АПОГЕЙ	["148968-N", "125046-N"]
БАЙКОНУР	["4200-N", "138521-N", "242-N"]
ВАЛУН	["108698-N"]
ДВИГАТЕЛЬ	["2100-N", "8936-N", "5951-N"]
ЛУНОХОД	["9894-N", "1023-N", "956-N"]
МАРСОХОД	["9894-N", "1023-N", "956-N"]
МИКРОСПУТНИК	["1023-N", "2497-N", "956-N"]
НАНОСПУТНИК	["1023-N", "2497-N", "956-N"]
НАСОС	["994-N", "106555-N"]
НОСИТЕЛЬ	["143906-N", "3843-N", "5840-N", "6239-N"]
ОРБИТА	["122048-N", "116178-N", "148968-N"]
ОРБИТЕР	["9894-N", "1023-N", "122048-N", "2497-N"]
ПЕРИГЕЙ	["148968-N", "125045-N"]
ПРИЛУНЕНИЕ	["153865-N", "115245-N", "955-N"]
РАКЕТА	["3843-N", "133535-N", "5840-N", "1683-N"]
РАКЕТОПЛАН	["212-N", "211-N", "1023-N"]
СПУТНИК	["2497-N", "1023-N", "116356-N"]
СТУПЕНЬ	["121261-N", "121260-N"]
ЭКЗОМАРС	["9894-N", "1023-N", "956-N", "153663-N", "4494-N"]
ЭКСПЕДИЦИЯ	["3829-N", "2661-N", "5920-N", "4494-N"]
