word,target_synset,target_gold
моноблочный_устройство,['144437-N'],[['106555-N']]
стрельба_из_лук,['9287-N'],[['111385-N']]
ряска,['109856-N'],[['4975-N']]
заполнение_бланк,['117627-N'],"[['107003-N', '115486-N']]"
световой_год,['129660-N'],"[['109697-N', '129661-N']]"
неузнаваемость,['151574-N'],[['118679-N']]
атака_команда,['153630-N'],[['144387-N']]
кордебалет,['136981-N'],[['8132-N']]
собкор,['114814-N'],[['6096-N']]
двигателист,['111143-N'],"[['110125-N', '110149-N']]"
стрижка_бокс,['109118-N'],[['112086-N']]
рой_насекомое,['117054-N'],[['116139-N']]
элита,['149847-N'],[['140006-N']]
почтовый_марк,['2419-N'],"[['2420-N', '112099-N']]"
непоправимость,['137474-N'],[['118704-N']]
соображение,"['137296-N', '117028-N', '106467-N']","[['106774-N'], ['107489-N'], ['145467-N']]"
манера_произношение,['107535-N'],[['107120-N']]
энергетический_тариф,['129911-N'],[['145375-N']]
устранение_неисправность,['111375-N'],"[['106534-N', '111361-N']]"
организация_объединить_нация,['9570-N'],[['1891-N']]
британский_остров,['105578-N'],[['134508-N']]
неблагоприятный_экология,['154458-N'],[['7068-N']]
райсуд,['9253-N'],"[['7805-N', '145115-N']]"
неправильность_форма,['150052-N'],[['106559-N']]
великан,"['125549-N', '113916-N']","[['125961-N'], ['125549-N', '154184-N']]"
лиепая,"['101599-N', '101642-N']","[['242-N'], ['100070-N']]"
презентация,['117038-N'],"[['118698-N', '154391-N']]"
нарушение_общественный_порядок,['4389-N'],[['647-N']]
рак,"['4035-N', '108561-N', '149826-N']","[['616-N'], ['5490-N'], ['148802-N']]"
историко-культурный_территория,['135049-N'],"[['1580-N', '107135-N']]"
шиншилла,['110117-N'],"[['4593-N', '5669-N']]"
дворянка,['110641-N'],[['2149-N']]
напольный_расположение,['148363-N'],[['148359-N']]
сосновка_кировский_область,['101361-N'],[['136781-N']]
чеченский_столица,['105346-N'],[['123687-N']]
эстрадный_площадка,['117612-N'],"[['107218-N', '107558-N']]"
авиационный_полк,['137875-N'],"[['3395-N', '137873-N']]"
межгосударственный_конфликт,['8415-N'],"[['107328-N', '126954-N']]"
компаньон_фирма,['126487-N'],"[['2149-N', '113773-N']]"
хамский_поведение,['125976-N'],"[['111325-N', '106952-N', '107094-N']]"
конфедерация_общественный_организация,['131964-N'],"[['106560-N', '111488-N']]"
вывих,"['125781-N', '130444-N', '119797-N']","[['111370-N', '115840-N'], ['106504-N'], ['119796-N']]"
акафист,"['143287-N', '114375-N']","[['114322-N'], ['114374-N']]"
самоистязание,['145572-N'],"[['115102-N', '117092-N']]"
буровик,['8547-N'],[['110125-N']]
зеленый_горошек,['118660-N'],[['348-N']]
гольфистка,['126953-N'],"[['1626-N', '110092-N']]"
полный_темнота,['151215-N'],[['114855-N']]
гипотеза,"['125876-N', '115289-N']","[['115288-N'], ['115288-N']]"
тимптон,['100208-N'],"[['100022-N', '100079-N']]"
хождение,"['123938-N', '107470-N']","[['106497-N'], ['152910-N']]"
хлопковолокно,['8519-N'],"[['8324-N', '133053-N', '140263-N']]"
пробоина,['107551-N'],"[['106500-N', '107088-N']]"
странствование,"['5920-N', '125236-N']","[['2661-N', '106587-N'], ['5920-N', '151162-N']]"
сателлит,"['152711-N', '116356-N']","[['445-N', '129706-N'], ['3540-N']]"
каменный_век,['110256-N'],[['126940-N']]
тасмания,"['150479-N', '104516-N']","[['138808-N'], ['3465-N']]"
пляска,"['110449-N', '110450-N']","[['110443-N'], ['8082-N']]"
тихвин,['101682-N'],[['136785-N']]
бета-версия,['148684-N'],[['513-N']]
транспортный_тара,['146231-N'],[['1249-N']]
сенатор,['7927-N'],[['123325-N']]
кратность,"['142045-N', '132686-N']","[['150738-N'], ['119581-N']]"
транспортный_кольцо,['154149-N'],[['109215-N']]
стенной_роспись,['129212-N'],"[['4505-N', '7563-N']]"
выжигание,['121334-N'],[['107002-N']]
щелочь,['9494-N'],"[['10108-N', '108760-N']]"
запор_кишечник,['132005-N'],[['9528-N']]
строгание,['112081-N'],[['112080-N']]
лотос,['108041-N'],"[['965-N', '4975-N']]"
замедление,"['131342-N', '131341-N']","[['106631-N'], ['106629-N']]"
съесть_помещение,['141117-N'],[['140941-N']]
туарег,['105452-N'],"[['100046-N', '105451-N']]"
закономерность,"['128241-N', '132155-N', '106455-N']","[['119003-N'], ['150752-N'], ['106454-N']]"
зеленый_чай,['130920-N'],[['147106-N']]
выносливость,['118989-N'],"[['110251-N', '106768-N']]"
слой,"['582-N', '107193-N']","[['369-N', '139946-N'], ['106509-N']]"
прочесывание_местность,['128442-N'],[['106901-N']]
превышение_скорость_движение,['148800-N'],[['139114-N']]
святой_дух,['153602-N'],[['113701-N']]
вдохновенность,['107462-N'],[['107253-N']]
протирка,"['121184-N', '118413-N']","[['112136-N', '115940-N'], ['107011-N', '114441-N']]"
карусель,"['124661-N', '126474-N']","[['121747-N'], ['123585-N']]"
сосновка,"['101361-N', '101868-N']","[['136781-N'], ['242-N']]"
опустение,['127193-N'],[['116388-N']]
мозговой_штурм,['147566-N'],[['141181-N']]
бурят,['105556-N'],"[['3291-N', '8288-N', '139862-N', '106169-N']]"
ортопед,['111070-N'],[['1046-N']]
генетический_ресурс,['6120-N'],[['7380-N']]
лух,['101367-N'],"[['100022-N', '100079-N']]"
шампур,['109367-N'],"[['107233-N', '111779-N']]"
пасть_дух,['118439-N'],"[['117141-N', '150230-N', '117303-N']]"
пересмотр_судебный_дело,['145128-N'],[['120004-N']]
нерусса,['100875-N'],"[['100022-N', '100079-N']]"
критерий,['132585-N'],[['132586-N']]
ирреальность,['144881-N'],[['106563-N']]
пенить,"['133598-N', '3902-N']","[['107429-N', '141140-N'], ['4128-N']]"
ольхон,['100366-N'],[['3465-N']]
дозор,['153582-N'],[['118780-N']]
горный_ландшафт,['100108-N'],[['6920-N']]
бабочка,"['121683-N', '8952-N']","[['108027-N'], ['4609-N']]"
биограф,['125407-N'],[['2720-N']]
овод,['108187-N'],"[['8818-N', '122221-N']]"
редкость,"['137698-N', '118690-N']","[['119581-N'], ['118141-N']]"
невеста,['126762-N'],"[['756-N', '148506-N']]"
автоцементовоз,['10193-N'],[['9209-N']]
командир_рота,['128713-N'],"[['8414-N', '112315-N']]"
обработка_почва,['151674-N'],"[['328-N', '106534-N']]"
внеземной_происхождение,['132750-N'],[['125860-N']]
инфекция_дыхательный_путь,['145293-N'],"[['1054-N', '9462-N']]"
водород,['903-N'],"[['461-N', '131273-N']]"
бисероплетение,['145589-N'],"[['2154-N', '111466-N', '134618-N']]"
дерганье,"['118259-N', '127244-N']","[['117094-N'], ['125768-N']]"
высокопоставленность,['125657-N'],[['125656-N']]
драгоценность,"['128018-N', '117600-N', '120327-N']","[['2832-N', '128017-N'], ['112920-N', '118771-N'], ['117599-N']]"
достижение_в_деятельность,['130054-N'],[['106482-N']]
зубочистка,['137129-N'],[['107709-N']]
рукопись,"['121532-N', '145946-N']","[['2966-N'], ['121532-N', '145945-N']]"
барометр,"['114096-N', '132801-N']","[['8788-N'], ['106613-N']]"
жирный_земля,['4307-N'],[['2673-N']]
остров_атлантический_океан,['134509-N'],[['3465-N']]
сельхозакадемия,"['129901-N', '8612-N']","[['764-N'], ['1390-N', '146548-N']]"
пробел_между_слово,['142110-N'],[['151247-N']]
абонентский_громкоговоритель,['8194-N'],"[['2570-N', '5238-N']]"
комический_ситуация,['140823-N'],[['106576-N']]
экзарх,['143696-N'],"[['7802-N', '110462-N']]"
игла_для_шитье,['111962-N'],[['111960-N']]
унитаризм,['145099-N'],[['416-N']]
утес,['108512-N'],[['107633-N']]
дневник,"['137380-N', '140820-N', '140574-N']","[['5820-N'], ['121397-N'], ['112114-N']]"
босс,['106609-N'],"[['3361-N', '106606-N']]"
медногорск,['102334-N'],[['136806-N']]
канарейка,['108785-N'],"[['963-N', '130644-N']]"
сноска_в_текст,['124510-N'],[['124511-N']]
самовнушение,['134714-N'],[['118574-N']]
полоса_проезжий_часть,['143106-N'],[['107510-N']]
гудок_сирена,['116212-N'],[['116213-N']]
ворожея,['116463-N'],"[['756-N', '110139-N']]"
хозяйствовать_субъект,['142250-N'],[['138167-N']]
бурный_проявление,['138482-N'],[['119699-N']]
заседатель,['140518-N'],[['6710-N']]
первичный_бухгалтерский_учет,['141223-N'],"[['1328-N', '144893-N']]"
личина,['115900-N'],[['113119-N']]
брестский_область,['100463-N'],[['100055-N']]
профилактика_преступность,['9005-N'],"[['3382-N', '6952-N', '114041-N']]"
член_демократический_партия,['126021-N'],[['6629-N']]
няня,"['9025-N', '121212-N']","[['7763-N'], ['4381-N']]"
прическа_каре,['148978-N'],[['112086-N']]
расклад,['137399-N'],"[['106584-N', '113161-N']]"
охранение,"['115919-N', '106597-N']","[['790-N', '151553-N'], ['106473-N']]"
санитарно-технический_изделие,['5693-N'],[['3770-N']]
душа_не_на_место,['118487-N'],"[['150230-N', '117114-N']]"
плавание_с_акваланг,['131419-N'],"[['111767-N', '124965-N']]"
полость_живот,['112888-N'],[['109980-N']]
такси,['3863-N'],[['162-N']]
бельевой_трикотаж,['132388-N'],"[['8351-N', '108555-N']]"
луховицкий_р-н,['147346-N'],[['147330-N']]
газовый_горелка,['135942-N'],"[['5642-N', '135940-N']]"
воплощение,['119067-N'],[['106456-N']]
рязань,['102543-N'],"[['100066-N', '136898-N']]"
рыбный_запас,['2652-N'],[['7111-N']]
спасание,['117917-N'],[['117916-N']]
благотворительный_объединение,['124076-N'],"[['106560-N', '121084-N']]"
информационный_анализ,['145151-N'],"[['106897-N', '145152-N']]"
страхование_ответственность,['133141-N'],[['1993-N']]
рассыпчатость,['128985-N'],[['133391-N']]
бормотуха,['132278-N'],[['8367-N']]
водный_развлечение,['148877-N'],[['134047-N']]
кушка,['101886-N'],[['242-N']]
таз,"['107046-N', '109866-N']","[['2513-N', '107039-N'], ['5841-N', '109221-N']]"
штатный_режим_работа,['151822-N'],[['139693-N']]
бунт,"['125741-N', '4281-N']","[['106880-N', '123492-N'], ['123913-N']]"
млечный_сок,['111010-N'],[['143752-N']]
обложение,"['116819-N', '116821-N']","[['115193-N'], ['106817-N']]"
засовывание,['115869-N'],[['115867-N']]
столица_египет,['103841-N'],[['3208-N']]
аксон_нервный_клетка,['135793-N'],[['115542-N']]
международный_комиссия,['147682-N'],[['1891-N']]
участок,"['107132-N', '150124-N', '107135-N']","[['106509-N'], ['107135-N'], ['106451-N']]"
сидней,['103288-N'],[['207-N']]
медведь,"['8891-N', '153592-N', '137790-N']","[['107795-N'], ['144788-N'], ['120083-N']]"
привязной_ремень,['139130-N'],"[['109611-N', '147271-N']]"
ослик,['5631-N'],"[['5630-N', '126920-N']]"
татарский_пролив,['134734-N'],[['100095-N']]
дон,['100877-N'],[['100022-N']]
хождение_по_канат,['151857-N'],"[['107470-N', '114326-N']]"
легенда,"['132120-N', '112463-N']","[['120104-N'], ['107659-N']]"
наскальный_изображение,['147480-N'],"[['107006-N', '145289-N']]"
заявительница,['131641-N'],[['133736-N']]
заставка,['146559-N'],[['148724-N']]
хлопчатник,['109043-N'],"[['4057-N', '6912-N']]"
орган_военный_юстиция,['7220-N'],[['1855-N']]
миф_общественный_сознание,['148231-N'],"[['2270-N', '121960-N']]"
занятие_должность,['131403-N'],"[['8018-N', '141643-N']]"
хранение_зерно,['4667-N'],"[['328-N', '106626-N']]"
можайск,['102057-N'],[['136788-N']]
военно-полевой_суд,['2867-N'],"[['663-N', '7220-N', '134987-N']]"
строчный_буква,['119814-N'],[['107078-N']]
наниматель,"['256-N', '7628-N', '5709-N']","[['140670-N'], ['150987-N'], ['115001-N', '131052-N']]"
отправной_точка,['106488-N'],[['106613-N']]
подмастерье,['124508-N'],"[['114480-N', '145826-N']]"
совестливость,['121063-N'],"[['119209-N', '121064-N']]"
развилка,"['123547-N', '151223-N']","[['106451-N'], ['123547-N', '143448-N']]"
исполнитель_теракт,['151920-N'],"[['2401-N', '149700-N']]"
березовый_лес,['115348-N'],"[['9704-N', '109104-N']]"
юго-западный_азия,['106111-N'],[['100076-N']]
заземление_прибор,['131234-N'],[['106557-N']]
без_сомнение,['118837-N'],[['118352-N']]
иранка,['105427-N'],[['132681-N']]
расчет_наличный_деньга,['1754-N'],[['147768-N']]
подытоживание,['10179-N'],[['10161-N']]
экславный_регион,['145691-N'],[['2052-N']]
свыкание,['114321-N'],[['106676-N']]
работник_телевидение_и_радио,['8678-N'],[['8296-N']]
тайник_душа,['148424-N'],[['148423-N']]
краса,"['137816-N', '118950-N']","[['131041-N'], ['113275-N']]"
авиапосылка,['4599-N'],"[['1713-N', '121379-N']]"
территориальный_избирательный_округ,['10114-N'],[['3847-N']]
плеяда,['133715-N'],[['106627-N']]
воркование_голубь,['117100-N'],[['153034-N']]
тахометр,['137132-N'],[['3648-N']]
соответствие_требование,['114046-N'],[['106770-N']]
диод,['126053-N'],"[['510-N', '141983-N']]"
климатизация,['145137-N'],[['3513-N']]
круг_общение,['141170-N'],[['127272-N']]
микроблог,['145982-N'],"[['121978-N', '140574-N']]"
кондитерка,['1224-N'],"[['368-N', '107831-N']]"
конвертируемость_валюта,['140984-N'],[['106768-N']]
копирование,"['118334-N', '111619-N', '2858-N']","[['112044-N', '117126-N'], ['110447-N'], ['111619-N']]"
контршпионаж,['8329-N'],[['2602-N']]
городской_самоуправление,['123692-N'],[['6833-N']]
распиловка,['116351-N'],"[['107410-N', '107414-N']]"
виноградный_насаждение,['4356-N'],[['984-N']]
медвежий_услуга,['126685-N'],[['106548-N']]
палисад,['115587-N'],"[['2593-N', '4297-N', '6884-N']]"
профессиональность,['139808-N'],[['123740-N']]
пыльца,['109124-N'],"[['107267-N', '133213-N']]"
гребец,['110746-N'],[['152714-N']]
уход_за_волос,['149850-N'],[['143066-N']]
выкорчевывание,"['111863-N', '142986-N']","[['115776-N', '110911-N'], ['106483-N']]"
продукция_предприятие,['106507-N'],[['106505-N']]
электровентилятор,['4873-N'],"[['4870-N', '145136-N']]"
аудиторский_фирма,['3970-N'],"[['115053-N', '149165-N']]"
производство_электротехника,['4747-N'],[['469-N']]
железный_сплав,['132878-N'],[['860-N']]
режим_полный_день,['129647-N'],[['147827-N']]
диоксид,['153902-N'],[['124326-N']]
подставка,['109023-N'],"[['106554-N', '106623-N']]"
братия,['152878-N'],[['106627-N']]
заточение,['142664-N'],"[['1851-N', '115786-N']]"
лото,['109386-N'],[['109383-N']]
раскрытие_преступление,['153081-N'],[['106710-N']]
телекомментатор,['144135-N'],"[['10010-N', '131947-N']]"
цвет_медь,['145899-N'],[['109499-N']]
выдавливание,"['130356-N', '125796-N', '111163-N']","[['107002-N'], ['113672-N'], ['110916-N']]"
зычность,['121414-N'],"[['114605-N', '114607-N', '118827-N']]"
потеря_конечность,['155110-N'],"[['111373-N', '116388-N']]"
барахтанье,['119014-N'],"[['106587-N', '119016-N']]"
бункеровка_судно,['117750-N'],"[['112355-N', '139558-N']]"
безрассудный_удаль,['126637-N'],"[['113857-N', '119298-N']]"
воскрешение,"['120093-N', '112364-N', '136200-N']","[['118574-N'], ['106631-N', '129710-N'], ['129710-N']]"
выть,['107252-N'],[['107093-N']]
центр_приволжский_федеральный_округ,['134318-N'],[['134313-N']]
сигнал_тревога,['113114-N'],[['107520-N']]
бурение_скважина,['960-N'],[['111853-N']]
разжатие,"['128637-N', '119881-N']","[['128639-N'], ['117740-N']]"
шпиндель,['154125-N'],[['120306-N']]
рубить_оружие,['153018-N'],[['2159-N']]
река_вязьма,['100840-N'],"[['100022-N', '100079-N']]"
английский_столица,['103556-N'],"[['3208-N', '134783-N', '137906-N']]"
светлогорск,"['101133-N', '100742-N']","[['136773-N'], ['242-N']]"
специфичность,['119231-N'],"[['106769-N', '119229-N']]"
соленый_вкус,['139135-N'],[['130064-N']]
заграндокумент,['1102-N'],"[['2429-N', '4492-N']]"
парацетамол,['141530-N'],[['1067-N']]
собаковод,['112835-N'],[['110091-N']]
унизительность,['135465-N'],[['119419-N']]
скорпион,"['108877-N', '125326-N', '150077-N']","[['125297-N', '107850-N'], ['125315-N', '125328-N'], ['148802-N']]"
шкатулочка,['108126-N'],[['107051-N']]
настройка_частота,['117992-N'],[['106490-N']]
налоговый_инструмент,['1517-N'],[['151708-N']]
дивногорск,['101463-N'],[['136746-N']]
магазин_сток,['146665-N'],[['140320-N']]
футурология,['129464-N'],"[['6504-N', '139966-N']]"
произведение,"['110697-N', '107669-N', '106473-N']","[['106482-N', '106515-N'], ['106505-N'], ['111611-N']]"
бегство,"['120826-N', '125184-N']","[['106803-N', '117918-N'], ['120826-N', '123604-N']]"
нежилой_недвижимость,['9155-N'],[['2526-N']]
изгнание,"['115247-N', '131723-N']","[['106952-N', '112548-N'], ['113723-N']]"
кальян,['144727-N'],[['106553-N']]
панк-рок,['147172-N'],[['108733-N']]
ориенталистика,['34-N'],"[['8716-N', '111514-N']]"
вифлеем,['138173-N'],[['138565-N']]
торец,['124704-N'],"[['114928-N', '124276-N']]"
сосиска,['109767-N'],[['1223-N']]
судья,"['2454-N', '9013-N']","[['6442-N'], ['2149-N']]"
клише,"['138609-N', '116997-N']","[['124174-N', '125155-N'], ['135184-N']]"
туапсе,['101428-N'],"[['207-N', '137780-N']]"
брильянт,['2833-N'],"[['103-N', '139-N']]"
оккупирование,['5262-N'],[['115072-N']]
государственный_обвинение,['143825-N'],[['3496-N']]
обрушение,"['144032-N', '117225-N', '118324-N']","[['110893-N', '125843-N'], ['111031-N', '137421-N'], ['111950-N']]"
корсет,"['142792-N', '120078-N']","[['4218-N'], ['8351-N', '112182-N']]"
передовой_линия,['132153-N'],"[['109080-N', '140461-N']]"
удар_по_мяч,['128916-N'],[['107404-N']]
пряность,"['5735-N', '121403-N']","[['370-N', '4681-N', '107911-N'], ['119371-N', '119844-N']]"
сергиево-посадский_район,['147337-N'],[['147330-N']]
выкормка,['125836-N'],[['114187-N']]
кальмар,['7395-N'],"[['9355-N', '9650-N', '128739-N']]"
зимний_месяц,['139147-N'],[['106732-N']]
возобновлять_источник_энергия,['135733-N'],"[['4-N', '141733-N']]"
патетичность,['119967-N'],[['119868-N']]
рошаль_московский_область,['102046-N'],[['136788-N']]
октябрьск,"['102571-N', '106063-N']","[['136902-N'], ['242-N']]"
пучина,"['125204-N', '153219-N']","[['107565-N', '130607-N'], ['128786-N']]"
настилание,['128665-N'],[['111586-N']]
анадромный_рыба,['6375-N'],[['502-N']]
компьютерный_система,['509-N'],[['510-N']]
оборонительный_союз,['9261-N'],[['6734-N']]
туристический_путевка,['137726-N'],[['121158-N']]
орск,['102327-N'],[['136806-N']]
возмещение_вред,['135840-N'],[['112026-N']]
носочек,"['108575-N', '114030-N', '154274-N']","[['4172-N'], ['109080-N'], ['133173-N']]"
закупщик,['139915-N'],[['4885-N']]
уравнение,"['148447-N', '116789-N', '110687-N']","[['112114-N'], ['106817-N'], ['110676-N']]"
невольничество,['127130-N'],"[['2081-N', '127129-N']]"
вифлеем,['138173-N'],[['138565-N']]
развязка_событие,['120652-N'],[['113802-N']]
видеоигра,['137023-N'],"[['5474-N', '109383-N']]"
орех_арахис,['146767-N'],[['6879-N']]
вставка,"['111191-N', '129713-N']","[['106698-N', '106699-N'], ['130864-N']]"
минимопед,['4189-N'],"[['4187-N', '132381-N']]"
листок_нетрудоспособность,['4952-N'],"[['4951-N', '111709-N']]"
архаичность,['120805-N'],"[['118506-N', '119422-N']]"
кордон,"['115917-N', '4388-N']","[['117676-N'], ['9264-N', '115917-N']]"
государственный_орган,['117462-N'],"[['117041-N', '134781-N']]"
причастие,"['110796-N', '8227-N']","[['152927-N'], ['8031-N', '129246-N']]"
германия,['103701-N'],"[['2062-N', '105334-N', '105422-N', '142194-N']]"
капсюль,['120117-N'],[['113933-N']]
мужской_гомосексуальность,['10096-N'],[['134841-N']]
микроэкономика,['141660-N'],[['49-N']]
генерал-полковник,['5640-N'],[['7308-N']]
город_лебединый,['102760-N'],[['242-N']]
серийный_убийство,['140346-N'],[['2275-N']]
албанец,['105356-N'],"[['105336-N', '132681-N', '139862-N', '106123-N']]"
мамаша,"['758-N', '150220-N']","[['2655-N', '132893-N'], ['140716-N']]"
трус,"['111347-N', '108195-N']","[['150507-N'], ['8351-N', '132388-N']]"
физический_насилие,['7829-N'],"[['6497-N', '7790-N']]"
чистильщик,['129530-N'],[['2550-N']]
чрезвычайный_режим,['144365-N'],[['7637-N']]
привет,['150554-N'],[['139566-N']]
беженка,['606-N'],[['2789-N']]
удмуртский_республика,['102952-N'],"[['105300-N', '100028-N']]"
кария_цвет,['109483-N'],"[['109482-N', '154842-N']]"
чайка,['108849-N'],[['5349-N']]
олигархизм,['150040-N'],[['7984-N']]
секундомер,['110208-N'],"[['2498-N', '110206-N']]"
непобедимость,['138115-N'],[['138112-N']]
сват,"['8746-N', '138992-N']","[['132896-N'], ['150555-N']]"
бокал,"['107578-N', '148369-N']","[['107075-N'], ['107056-N']]"
пьедестал_почет,['128576-N'],[['107558-N']]
проц,['123480-N'],[['129650-N']]
буржуй,['121089-N'],"[['305-N', '2149-N']]"
здание_общественный_назначение,['128057-N'],"[['9155-N', '145182-N']]"
микроволновка,['131315-N'],"[['8061-N', '145060-N', '146864-N']]"
законодательный_палата,['122247-N'],[['117462-N']]
ульяновский_область,['102961-N'],"[['2640-N', '105301-N']]"
зельвянка,['102161-N'],"[['100022-N', '100079-N']]"
значительность,"['114019-N', '112920-N']","[['106775-N'], ['106789-N']]"
банковский_услуга_для_юридический_лицо,['150725-N'],[['2182-N']]
подлость,"['111274-N', '119370-N']","[['111260-N', '106548-N', '114934-N'], ['119369-N']]"
стык,"['144006-N', '108247-N']","[['106514-N'], ['108132-N']]"
атония,['135865-N'],[['119425-N']]
гражданский_оборона,['778-N'],[['770-N']]
белуджистан,['104541-N'],[['5657-N']]
беллетристика,['110185-N'],[['107662-N']]
верительный_грамота,['5203-N'],[['1092-N']]
город_арарат,['100307-N'],[['134142-N']]
внешний_красота,['115077-N'],[['114651-N']]
рукоделие,['134618-N'],[['134697-N']]
экспертный_исследование,['4113-N'],[['106898-N']]
сплав_древесина,['4719-N'],"[['991-N', '106938-N']]"
отчаянность,"['119297-N', '106965-N']","[['113857-N', '119298-N'], ['106446-N']]"
значение,"['106789-N', '106788-N', '132690-N']","[['106788-N'], ['124019-N'], ['106569-N', '146671-N']]"
психолог,"['4542-N', '134876-N']","[['21-N', '2550-N'], ['115128-N']]"
геенна,['124944-N'],[['124943-N']]
рассол,['128798-N'],"[['3675-N', '111683-N']]"
метаболизм,['127207-N'],[['125011-N']]
ветеринарный_помощь,['140693-N'],[['106562-N']]
тоник,"['143870-N', '142698-N']","[['109170-N'], ['130922-N']]"
авиационный_двигатель,['8936-N'],"[['2100-N', '143441-N']]"
подмосковный_королева,['102086-N'],[['136788-N']]
приднестровец,['142842-N'],[['369-N']]
производство_молочный_продукт,['146165-N'],[['142734-N']]
пикантность,['118159-N'],[['118150-N']]
параллелизм,['139508-N'],[['119376-N']]
двускатный_крыша,['151789-N'],[['107148-N']]
алкогольный_промышленность,['141891-N'],[['131300-N']]
совместный_распитие,['120481-N'],[['117709-N']]
купальник,['109582-N'],"[['108091-N', '133092-N', '136071-N']]"
муниципальный_район,"['2051-N', '4250-N']","[['2052-N', '123680-N'], ['123680-N']]"
настроение,"['137432-N', '149623-N', '106564-N']","[['106476-N'], ['106476-N', '149622-N'], ['133556-N']]"
жердь,['109846-N'],[['108001-N']]
сантьяго,['104928-N'],[['3208-N']]
ливневый_дождь,['4223-N'],"[['3954-N', '152515-N']]"
корзинка,"['115639-N', '107263-N']","[['108443-N'], ['107038-N', '152705-N']]"
осетр,"['5372-N', '110814-N']","[['6375-N'], ['5372-N']]"
перевоплощение,['133629-N'],[['106951-N']]
акционирование,['846-N'],[['133117-N']]
подпевание,['127633-N'],"[['110453-N', '116522-N']]"
советский_гавань,['105680-N'],[['136195-N']]
шпаклевка,"['111443-N', '111442-N']","[['4170-N', '111456-N'], ['5748-N', '5749-N', '111458-N']]"
клиентка,"['146755-N', '106863-N']","[['2622-N', '106863-N'], ['2622-N']]"
джибути,"['105462-N', '103405-N']","[['3208-N'], ['2062-N']]"
распутница,['125245-N'],[['111212-N']]
починка_обувь,['133125-N'],"[['464-N', '1250-N']]"
районирование,"['141473-N', '123365-N']","[['121419-N'], ['107410-N']]"
картвел,['106213-N'],"[['132681-N', '133035-N', '139862-N', '106199-N']]"
водный_организм,['7111-N'],[['7380-N']]
козленок,['111295-N'],"[['107807-N', '111292-N']]"
кора_надпочечник,['133614-N'],[['109839-N']]
вода,"['114273-N', '121338-N', '99-N']","[['3675-N', '121731-N'], ['550-N'], ['3675-N', '141733-N']]"
самосожжение,['8518-N'],"[['7314-N', '8456-N']]"
уличный_среда,['149490-N'],[['141170-N']]
утилита,['153803-N'],[['513-N']]
невозмутимость,"['119341-N', '140529-N']","[['106924-N', '118995-N'], ['119602-N']]"
гребок,"['121469-N', '121470-N']","[['111093-N'], ['111596-N']]"
кондор,['108872-N'],[['107784-N']]
ржев,['102850-N'],[['137145-N']]
вдовушка,['3818-N'],"[['5428-N', '6738-N']]"
система_сигнал,['149998-N'],[['115789-N']]
брянка,"['101805-N', '129162-N']","[['242-N'], ['4773-N']]"
психопатка,['111236-N'],[['4846-N']]
технический_условие,['141636-N'],"[['4208-N', '109835-N']]"
укусить_место,['128373-N'],"[['111377-N', '150699-N']]"
взрыв,"['151324-N', '3758-N']","[['106651-N', '115299-N'], ['118380-N']]"
домашний_холодильник,['2161-N'],"[['4622-N', '132381-N', '146864-N']]"
дубоссары,['102002-N'],[['242-N']]
дикий_кабан,['125263-N'],"[['4091-N', '108007-N']]"
профилакторий,['2945-N'],"[['1041-N', '3329-N']]"
телефонный_переговоры,['8051-N'],"[['106781-N', '154250-N']]"
чувство_облегчение,['147105-N'],[['106651-N']]
амазар,['103162-N'],"[['100022-N', '100079-N']]"
тварь,['111273-N'],"[['111212-N', '111393-N']]"
неработающий_население,['6643-N'],"[['369-N', '617-N']]"
поименный_перечень,['153283-N'],[['106989-N']]
телефонный_линия,['4723-N'],[['4722-N']]
регистрация_рождение,['149216-N'],[['6562-N']]
сицилия,"['104742-N', '104076-N']","[['3465-N'], ['105110-N']]"
троица,"['137971-N', '148924-N', '137970-N']","[['112881-N'], ['114998-N', '136568-N'], ['106627-N', '114781-N', '154589-N']]"
панельный_обшивка,['141871-N'],"[['124458-N', '141652-N']]"
балдахин,['116864-N'],[['107221-N']]
тальк,"['135349-N', '146027-N']","[['3417-N'], ['107267-N']]"
сушеный_продукт,['141032-N'],[['368-N']]
чешский_столица,['104926-N'],"[['3208-N', '134362-N']]"
эстамп,['7687-N'],"[['4142-N', '4908-N']]"
кадетский_училище,['7768-N'],"[['1616-N', '5613-N']]"
белый_раса,['122102-N'],[['9946-N']]
пассионарность,['142988-N'],[['118371-N']]
вынесение_решение,['144934-N'],"[['107489-N', '145776-N']]"
маска,"['126674-N', '126675-N', '154155-N']","[['154155-N'], ['109170-N'], ['126673-N']]"
четвертьфиналист,['145407-N'],"[['1626-N', '106857-N']]"
несправедливый_судейство,['131599-N'],"[['113119-N', '115751-N', '116390-N', '120251-N']]"
хозяйствование,['140841-N'],[['106607-N']]
бездушность,"['142554-N', '117809-N']","[['119258-N'], ['106924-N', '118203-N']]"
ген,['6119-N'],[['150414-N']]
отложение,"['115991-N', '127380-N']","[['114723-N'], ['112324-N']]"
срок_погашение_кредит,['150333-N'],"[['106730-N', '137732-N']]"
гомеопатия,['8159-N'],[['147740-N']]
перебегание,"['120177-N', '153920-N']","[['111281-N'], ['107469-N']]"
бедуин,['125182-N'],"[['105413-N', '121505-N']]"
многократный_применение,['134406-N'],[['119581-N']]
стиль_спортивный_плавание,['9817-N'],[['106552-N']]
в_владимир,['100577-N'],"[['100066-N', '136764-N']]"
моралист,['127014-N'],[['134854-N']]
стрежевой,['102906-N'],[['242-N']]
мазохистка,['138997-N'],[['136369-N']]
лечебник,['144813-N'],"[['3790-N', '114052-N']]"
пожелтение,['110421-N'],[['110416-N']]
новогиреево,['101944-N'],[['101897-N']]
толстуха,['124264-N'],[['2149-N']]
книгопечатание,['1424-N'],[['144051-N']]
ракурс_изображение,['148525-N'],[['148524-N']]
керамика,"['6399-N', '5600-N']","[['109873-N'], ['106536-N']]"
душевный_струна,['133556-N'],[['106565-N']]
забрало,['140436-N'],[['124371-N']]
монархистка,['127010-N'],"[['6647-N', '107524-N']]"
прибор_электровакуумный,['141983-N'],[['2070-N']]
переезд_через,['120371-N'],"[['120372-N', '144457-N']]"
ощутительность,['133423-N'],"[['112920-N', '118520-N', '118837-N']]"
художественный_студия,['6451-N'],[['129970-N']]
в_владимир,['100577-N'],"[['100066-N', '136764-N']]"
взаимный_ненападение,['1166-N'],[['138211-N']]
интервьюирование,['118002-N'],[['107256-N']]
хлопоты,"['116952-N', '135956-N']","[['106702-N', '107344-N', '118617-N'], ['106501-N', '118745-N']]"
скотоводство,['111337-N'],[['320-N']]
ярославский_обл,['103274-N'],[['2640-N']]
прописывание_лекарство,['117171-N'],"[['128264-N', '143948-N']]"
злободневность,['119544-N'],[['112920-N']]
пастор,['7366-N'],"[['8124-N', '142845-N']]"
зад,"['110082-N', '139606-N', '112766-N']","[['112766-N'], ['110227-N'], ['106509-N']]"
здоровье,['219-N'],"[['106491-N', '151752-N']]"
оговорка_в_речь,['110477-N'],[['106795-N']]
знакомец,['113336-N'],[['152714-N']]
прослушка,['140329-N'],"[['133962-N', '147470-N']]"
самосохранение,['145662-N'],[['106476-N']]
протаскивание,"['125768-N', '142410-N']","[['115389-N'], ['106701-N']]"
распечатка_с_носитель_информация,['116350-N'],[['114108-N']]
уругвайский_столица,['104807-N'],[['3208-N']]
хобби,['129491-N'],[['106501-N']]
маньячка,['132245-N'],"[['639-N', '111236-N']]"
невинномысск,['102743-N'],[['137782-N']]
хоккейный_шайба,['114537-N'],"[['2498-N', '109467-N']]"
джалалабад,['105862-N'],[['8247-N']]
герб,['2022-N'],"[['114059-N', '139434-N']]"
зерно_овес,['148781-N'],[['355-N']]
пьедестал_почет,['128576-N'],[['107558-N']]
мещерский_низменность,['136978-N'],[['112742-N']]
выезд_из_рф,['7094-N'],[['130447-N']]
сердобск,['102379-N'],[['136892-N']]
вербовка_агент,['147644-N'],"[['124129-N', '145345-N']]"
пустырь,['114634-N'],[['2594-N']]
понятность,"['118352-N', '119003-N']","[['106775-N'], ['118352-N', '119002-N']]"
штамповка,"['116572-N', '116571-N']","[['1221-N'], ['107002-N']]"
землеустроительный_работа,['4060-N'],[['252-N']]
структура_экономика,['141812-N'],[['106575-N']]
церковь,"['110499-N', '113271-N', '110488-N']","[['110492-N'], ['2371-N'], ['110499-N']]"
кардифф,['103587-N'],"[['207-N', '8247-N']]"
выпуклость_на_кожа,['152920-N'],[['125927-N']]
наведение_порядок,['111902-N'],[['106473-N']]
хараре,['103882-N'],[['3208-N']]
концертмейстер,['8710-N'],"[['7971-N', '116216-N']]"
аист,['108268-N'],[['7396-N']]
штутгарт,['103732-N'],"[['8247-N', '137904-N']]"
полова_насилие,['9070-N'],[['7790-N']]
бизнес_класс,['136676-N'],[['149363-N']]
основательность,"['106763-N', '119177-N']","[['106760-N', '118012-N', '119910-N'], ['113995-N']]"
миссури,"['106344-N', '104723-N']","[['100029-N'], ['100022-N', '100079-N']]"
порча,"['111369-N', '111979-N', '121366-N']","[['106631-N', '111370-N'], ['106633-N'], ['106548-N', '126176-N']]"
продовольственный_продукция,['6382-N'],[['820-N']]
бездомничество,['4265-N'],"[['3742-N', '125237-N']]"
скамья_подсудимый,['6170-N'],"[['3971-N', '138631-N', '140250-N']]"
авторизация,['112454-N'],[['106878-N']]
прослеживание,"['125885-N', '137414-N']","[['118282-N'], ['106686-N']]"
славянск,['100908-N'],[['242-N']]
соленый_озеро,['105264-N'],[['100070-N']]
условие_жизнь,['596-N'],[['113275-N']]
париж,['105404-N'],"[['3208-N', '134783-N']]"
каверзность,['119681-N'],[['118448-N']]
славистика,['38-N'],"[['8716-N', '111514-N']]"
аренда_помещение,['141117-N'],[['140941-N']]
ругань,"['120151-N', '125446-N']","[['107094-N', '106809-N', '112963-N'], ['107191-N', '107214-N']]"
заволжск,['101011-N'],[['136772-N']]
дыня,"['144342-N', '144177-N']","[['144173-N'], ['107871-N', '144341-N']]"
учебный_курс,['132103-N'],[['122084-N']]
ось_вращение,['152551-N'],[['143997-N']]
спецсредство_милиция,['7697-N'],[['106552-N']]
полиграфический_отрасль,['5931-N'],[['114108-N']]
модельер,['8588-N'],"[['8677-N', '138158-N']]"
спецназ,['135527-N'],[['124282-N']]
микрофон,['3564-N'],"[['5237-N', '114436-N']]"
позиционирование,['153567-N'],"[['111944-N', '114457-N', '141697-N']]"
операционный_система,['4508-N'],[['9225-N']]
хищник,"['108441-N', '141361-N']","[['144174-N'], ['115074-N', '126278-N']]"
остров_гваделупа,['104385-N'],[['3465-N']]
комедия,"['108614-N', '140823-N']","[['110374-N'], ['106576-N']]"
шлифовщица,['10016-N'],[['113831-N']]
балансирование,"['151338-N', '116862-N']","[['132107-N'], ['110435-N']]"
васильевский_спуск,['122146-N'],[['122147-N']]
читательница,"['114271-N', '114270-N']","[['152714-N'], ['106867-N']]"
трюфель,"['109252-N', '110749-N']","[['107860-N'], ['110747-N']]"
отбитие,"['118715-N', '118714-N']","[['116303-N'], ['107404-N', '118713-N']]"
протез,['134853-N'],[['4625-N']]
перекладывание,"['116689-N', '129793-N']","[['106698-N', '127475-N'], ['117915-N', '129792-N']]"
молниезащита,['124426-N'],"[['107233-N', '147727-N']]"
термоядерный_синтез,['7548-N'],[['1659-N']]
облет,"['115204-N', '127203-N']","[['115201-N', '145703-N'], ['107445-N', '115181-N']]"
петропавловск,"['102669-N', '105703-N']","[['8247-N'], ['100066-N', '136777-N']]"
