word	input_term	input_term_ids	input_term_key	hypernym_in	matched_key	mapped_ids	matched
ПРЕДПРИЯТИЕ КОСМИЧЕСКОЙ ОТРАСЛИ	ПРЕДПРИЯТИЕ КОСМИЧЕСКОЙ ОТРАСЛИ	"[""135556""]"	предприятие космической отрасли	организация		[]	False
ПРЕДПРИЯТИЕ КОСМИЧЕСКОЙ ОТРАСЛИ	ПРЕДПРИЯТИЕ КОСМИЧЕСКОЙ ОТРАСЛИ	"[""135556""]"	предприятие космической отрасли	хозяйствующий субъект		[]	False
ПРЕДПРИЯТИЕ КОСМИЧЕСКОЙ ОТРАСЛИ	ПРЕДПРИЯТИЕ КОСМИЧЕСКОЙ ОТРАСЛИ	"[""135556""]"	предприятие космической отрасли	юридическое лицо		[]	False
ПРЕДПРИЯТИЕ КОСМИЧЕСКОЙ ОТРАСЛИ	ПРЕДПРИЯТИЕ КОСМИЧЕСКОЙ ОТРАСЛИ	"[""135556""]"	предприятие космической отрасли	предприятие		[]	False
ПРЕДПРИЯТИЕ КОСМИЧЕСКОЙ ОТРАСЛИ	ПРЕДПРИЯТИЕ КОСМИЧЕСКОЙ ОТРАСЛИ	"[""135556""]"	предприятие космической отрасли	промышленное предприятие	промышленное предприятие	"[""57""]"	True
ПРЕДПРИЯТИЕ КОСМИЧЕСКОЙ ОТРАСЛИ	ПРЕДПРИЯТИЕ КОСМИЧЕСКОЙ ОТРАСЛИ	"[""135556""]"	предприятие космической отрасли	производственное предприятие		[]	False
ПРЕДПРИЯТИЕ КОСМИЧЕСКОЙ ОТРАСЛИ	ПРЕДПРИЯТИЕ КОСМИЧЕСКОЙ ОТРАСЛИ	"[""135556""]"	предприятие космической отрасли	предприятие высокотехнологичной промышленности		[]	False
ПРЕДПРИЯТИЕ КОСМИЧЕСКОЙ ОТРАСЛИ	ПРЕДПРИЯТИЕ КОСМИЧЕСКОЙ ОТРАСЛИ	"[""135556""]"	предприятие космической отрасли	предприятие аэрокосмической промышленности		[]	False
ПРЕДПРИЯТИЕ КОСМИЧЕСКОЙ ОТРАСЛИ	ПРЕДПРИЯТИЕ КОСМИЧЕСКОЙ ОТРАСЛИ	"[""135556""]"	предприятие космической отрасли	предприятие космической отрасли	предприятие космической отрасли	"[""135556""]"	True
ИСТРЕБИТЕЛЬ MCDONNEL DOUGLAS F-15A EAGLE	ИСТРЕБИТЕЛЬ MCDONNEL DOUGLAS F-15A EAGLE	"[""172893""]"	истребитель mcdonnel douglas f-15a eagle	объект		[]	False
ИСТРЕБИТЕЛЬ MCDONNEL DOUGLAS F-15A EAGLE	ИСТРЕБИТЕЛЬ MCDONNEL DOUGLAS F-15A EAGLE	"[""172893""]"	истребитель mcdonnel douglas f-15a eagle	артефакт		[]	False
ИСТРЕБИТЕЛЬ MCDONNEL DOUGLAS F-15A EAGLE	ИСТРЕБИТЕЛЬ MCDONNEL DOUGLAS F-15A EAGLE	"[""172893""]"	истребитель mcdonnel douglas f-15a eagle	техническое средство		[]	False
ИСТРЕБИТЕЛЬ MCDONNEL DOUGLAS F-15A EAGLE	ИСТРЕБИТЕЛЬ MCDONNEL DOUGLAS F-15A EAGLE	"[""172893""]"	истребитель mcdonnel douglas f-15a eagle	транспортное средство	транспортное средство	"[""169""]"	True
ИСТРЕБИТЕЛЬ MCDONNEL DOUGLAS F-15A EAGLE	ИСТРЕБИТЕЛЬ MCDONNEL DOUGLAS F-15A EAGLE	"[""172893""]"	истребитель mcdonnel douglas f-15a eagle	летательный аппарат	летательный аппарат	"[""211""]"	True
ИСТРЕБИТЕЛЬ MCDONNEL DOUGLAS F-15A EAGLE	ИСТРЕБИТЕЛЬ MCDONNEL DOUGLAS F-15A EAGLE	"[""172893""]"	истребитель mcdonnel douglas f-15a eagle	воздушное судно	воздушный судно	"[""142555""]"	True
ИСТРЕБИТЕЛЬ MCDONNEL DOUGLAS F-15A EAGLE	ИСТРЕБИТЕЛЬ MCDONNEL DOUGLAS F-15A EAGLE	"[""172893""]"	истребитель mcdonnel douglas f-15a eagle	самолет	самолет	"[""212""]"	True
ИСТРЕБИТЕЛЬ MCDONNEL DOUGLAS F-15A EAGLE	ИСТРЕБИТЕЛЬ MCDONNEL DOUGLAS F-15A EAGLE	"[""172893""]"	истребитель mcdonnel douglas f-15a eagle	военный самолет	военный самолет	"[""779""]"	True
ИСТРЕБИТЕЛЬ MCDONNEL DOUGLAS F-15A EAGLE	ИСТРЕБИТЕЛЬ MCDONNEL DOUGLAS F-15A EAGLE	"[""172893""]"	истребитель mcdonnel douglas f-15a eagle	боевой самолет	боевой самолет	"[""112160""]"	True
ИСТРЕБИТЕЛЬ MCDONNEL DOUGLAS F-15A EAGLE	ИСТРЕБИТЕЛЬ MCDONNEL DOUGLAS F-15A EAGLE	"[""172893""]"	истребитель mcdonnel douglas f-15a eagle	военный летательный аппарат		[]	False
ИСТРЕБИТЕЛЬ MCDONNEL DOUGLAS F-15A EAGLE	ИСТРЕБИТЕЛЬ MCDONNEL DOUGLAS F-15A EAGLE	"[""172893""]"	истребитель mcdonnel douglas f-15a eagle	боевой летательный аппарат		[]	False
ИСТРЕБИТЕЛЬ MCDONNEL DOUGLAS F-15A EAGLE	ИСТРЕБИТЕЛЬ MCDONNEL DOUGLAS F-15A EAGLE	"[""172893""]"	истребитель mcdonnel douglas f-15a eagle	истребитель	истребитель	"[""7965""]"	True
ИСТРЕБИТЕЛЬ MCDONNEL DOUGLAS F-15A EAGLE	ИСТРЕБИТЕЛЬ MCDONNEL DOUGLAS F-15A EAGLE	"[""172893""]"	истребитель mcdonnel douglas f-15a eagle	реактивный истребитель		[]	False
ИСТРЕБИТЕЛЬ MCDONNEL DOUGLAS F-15A EAGLE	ИСТРЕБИТЕЛЬ MCDONNEL DOUGLAS F-15A EAGLE	"[""172893""]"	истребитель mcdonnel douglas f-15a eagle	тактический истребитель	тактический истребитель	"[""144067""]"	True
АЭРОКОСМИЧЕСКАЯ РАЗВЕДКА	АЭРОКОСМИЧЕСКАЯ РАЗВЕДКА	"[""3804""]"	аэрокосмическая разведка	деятельность		[]	False
АЭРОКОСМИЧЕСКАЯ РАЗВЕДКА	АЭРОКОСМИЧЕСКАЯ РАЗВЕДКА	"[""3804""]"	аэрокосмическая разведка	разведывательная деятельность	разведывательная деятельность	"[""2602""]"	True
АЭРОКОСМИЧЕСКАЯ РАЗВЕДКА	АЭРОКОСМИЧЕСКАЯ РАЗВЕДКА	"[""3804""]"	аэрокосмическая разведка	разведка		[]	False
АЭРОКОСМИЧЕСКАЯ РАЗВЕДКА	АЭРОКОСМИЧЕСКАЯ РАЗВЕДКА	"[""3804""]"	аэрокосмическая разведка	военная разведка		[]	False
АЭРОКОСМИЧЕСКАЯ РАЗВЕДКА	АЭРОКОСМИЧЕСКАЯ РАЗВЕДКА	"[""3804""]"	аэрокосмическая разведка	воздушно-космическая разведка		[]	False
БПЛА V-BAT MQ-35A	БПЛА V-BAT MQ-35A	"[""172657""]"	бпла v-bat mq-35a	объект		[]	False
БПЛА V-BAT MQ-35A	БПЛА V-BAT MQ-35A	"[""172657""]"	бпла v-bat mq-35a	изделие		[]	False
БПЛА V-BAT MQ-35A	БПЛА V-BAT MQ-35A	"[""172657""]"	бпла v-bat mq-35a	техническое средство		[]	False
БПЛА V-BAT MQ-35A	БПЛА V-BAT MQ-35A	"[""172657""]"	бпла v-bat mq-35a	транспортное средство	транспортное средство	"[""169""]"	True
БПЛА V-BAT MQ-35A	БПЛА V-BAT MQ-35A	"[""172657""]"	бпла v-bat mq-35a	летательный аппарат	летательный аппарат	"[""211""]"	True
БПЛА V-BAT MQ-35A	БПЛА V-BAT MQ-35A	"[""172657""]"	бпла v-bat mq-35a	воздушное судно	воздушный судно	"[""142555""]"	True
БПЛА V-BAT MQ-35A	БПЛА V-BAT MQ-35A	"[""172657""]"	бпла v-bat mq-35a	беспилотное воздушное судно	беспилотное воздушное судно	"[""167369""]"	True
БПЛА V-BAT MQ-35A	БПЛА V-BAT MQ-35A	"[""172657""]"	бпла v-bat mq-35a	беспилотный летательный аппарат	беспилотный летательный аппарат	"[""3881""]"	True
БПЛА V-BAT MQ-35A	БПЛА V-BAT MQ-35A	"[""172657""]"	бпла v-bat mq-35a	военный беспилотный летательный аппарат		[]	False
БПЛА V-BAT MQ-35A	БПЛА V-BAT MQ-35A	"[""172657""]"	бпла v-bat mq-35a	разведывательно-ударный беспилотный летательный аппарат		[]	False
БПЛА V-BAT MQ-35A	БПЛА V-BAT MQ-35A	"[""172657""]"	бпла v-bat mq-35a	беспилотный летательный аппарат вертикального взлета и посадки		[]	False
САМОЛЕТ ИЛ-76	САМОЛЕТ ИЛ-76	"[""172364""]"	самолет ил-76	объект		[]	False
САМОЛЕТ ИЛ-76	САМОЛЕТ ИЛ-76	"[""172364""]"	самолет ил-76	артефакт		[]	False
САМОЛЕТ ИЛ-76	САМОЛЕТ ИЛ-76	"[""172364""]"	самолет ил-76	техника		[]	False
САМОЛЕТ ИЛ-76	САМОЛЕТ ИЛ-76	"[""172364""]"	самолет ил-76	транспорт		[]	False
САМОЛЕТ ИЛ-76	САМОЛЕТ ИЛ-76	"[""172364""]"	самолет ил-76	транспортное средство	транспортное средство	"[""169""]"	True
САМОЛЕТ ИЛ-76	САМОЛЕТ ИЛ-76	"[""172364""]"	самолет ил-76	летательный аппарат	летательный аппарат	"[""211""]"	True
САМОЛЕТ ИЛ-76	САМОЛЕТ ИЛ-76	"[""172364""]"	самолет ил-76	воздушное судно	воздушный судно	"[""142555""]"	True
САМОЛЕТ ИЛ-76	САМОЛЕТ ИЛ-76	"[""172364""]"	самолет ил-76	самолет	самолет	"[""212""]"	True
САМОЛЕТ ИЛ-76	САМОЛЕТ ИЛ-76	"[""172364""]"	самолет ил-76	самолет Ил-76	самолет ил-76	"[""172364""]"	True
АВИАКОНСТРУКТОР	АВИАКОНСТРУКТОР	"[""10260""]"	авиаконструктор	человек		[]	False
АВИАКОНСТРУКТОР	АВИАКОНСТРУКТОР	"[""10260""]"	авиаконструктор	специалист		[]	False
АВИАКОНСТРУКТОР	АВИАКОНСТРУКТОР	"[""10260""]"	авиаконструктор	работник	работник	"[""2550""]"	True
АВИАКОНСТРУКТОР	АВИАКОНСТРУКТОР	"[""10260""]"	авиаконструктор	инженер	инженер	"[""591""]"	True
АВИАКОНСТРУКТОР	АВИАКОНСТРУКТОР	"[""10260""]"	авиаконструктор	конструктор		[]	False
АВИАКОНСТРУКТОР	АВИАКОНСТРУКТОР	"[""10260""]"	авиаконструктор	проектировщик		[]	False
АВИАКОНСТРУКТОР	АВИАКОНСТРУКТОР	"[""10260""]"	авиаконструктор	авиаспециалист		[]	False
ВЕРТОЛЕТ МИ-8	ВЕРТОЛЕТ МИ-8	"[""172371""]"	вертолет ми-8	объект		[]	False
ВЕРТОЛЕТ МИ-8	ВЕРТОЛЕТ МИ-8	"[""172371""]"	вертолет ми-8	материальный объект		[]	False
ВЕРТОЛЕТ МИ-8	ВЕРТОЛЕТ МИ-8	"[""172371""]"	вертолет ми-8	изделие		[]	False
ВЕРТОЛЕТ МИ-8	ВЕРТОЛЕТ МИ-8	"[""172371""]"	вертолет ми-8	техническое средство		[]	False
ВЕРТОЛЕТ МИ-8	ВЕРТОЛЕТ МИ-8	"[""172371""]"	вертолет ми-8	транспортное средство	транспортное средство	"[""169""]"	True
ВЕРТОЛЕТ МИ-8	ВЕРТОЛЕТ МИ-8	"[""172371""]"	вертолет ми-8	летательный аппарат	летательный аппарат	"[""211""]"	True
ВЕРТОЛЕТ МИ-8	ВЕРТОЛЕТ МИ-8	"[""172371""]"	вертолет ми-8	воздушное судно	воздушный судно	"[""142555""]"	True
ВЕРТОЛЕТ МИ-8	ВЕРТОЛЕТ МИ-8	"[""172371""]"	вертолет ми-8	воздушное транспортное средство	воздушный транспортный средство	"[""8728""]"	True
ВЕРТОЛЕТ МИ-8	ВЕРТОЛЕТ МИ-8	"[""172371""]"	вертолет ми-8	винтокрылый летательный аппарат	винтокрылый летательный аппарат	"[""166463""]"	True
ВЕРТОЛЕТ МИ-8	ВЕРТОЛЕТ МИ-8	"[""172371""]"	вертолет ми-8	вертолет	вертолет	"[""213""]"	True
ДРОН ГЕРАНЬ‑4	ДРОН ГЕРАНЬ‑4	"[""173154""]"	дрон герань‑4	объект		[]	False
ДРОН ГЕРАНЬ‑4	ДРОН ГЕРАНЬ‑4	"[""173154""]"	дрон герань‑4	изделие		[]	False
ДРОН ГЕРАНЬ‑4	ДРОН ГЕРАНЬ‑4	"[""173154""]"	дрон герань‑4	техническое средство		[]	False
ДРОН ГЕРАНЬ‑4	ДРОН ГЕРАНЬ‑4	"[""173154""]"	дрон герань‑4	устройство		[]	False
ДРОН ГЕРАНЬ‑4	ДРОН ГЕРАНЬ‑4	"[""173154""]"	дрон герань‑4	летательный аппарат	летательный аппарат	"[""211""]"	True
ДРОН ГЕРАНЬ‑4	ДРОН ГЕРАНЬ‑4	"[""173154""]"	дрон герань‑4	воздушное судно	воздушный судно	"[""142555""]"	True
ДРОН ГЕРАНЬ‑4	ДРОН ГЕРАНЬ‑4	"[""173154""]"	дрон герань‑4	беспилотный летательный аппарат	беспилотный летательный аппарат	"[""3881""]"	True
ДРОН ГЕРАНЬ‑4	ДРОН ГЕРАНЬ‑4	"[""173154""]"	дрон герань‑4	беспилотник		[]	False
ДРОН ГЕРАНЬ‑4	ДРОН ГЕРАНЬ‑4	"[""173154""]"	дрон герань‑4	дрон	дрон	"[""167369""]"	True
ДРОН ГЕРАНЬ‑4	ДРОН ГЕРАНЬ‑4	"[""173154""]"	дрон герань‑4	военный беспилотник	военный беспилотник	"[""167368""]"	True
ДРОН ГЕРАНЬ‑4	ДРОН ГЕРАНЬ‑4	"[""173154""]"	дрон герань‑4	ударный беспилотник	ударный беспилотник	"[""167372""]"	True
ДРОН ГЕРАНЬ‑4	ДРОН ГЕРАНЬ‑4	"[""173154""]"	дрон герань‑4	барражирующий боеприпас	барражирующий боеприпас	"[""167671""]"	True
"РАКЕТА ""СТУГНА-П"""	"РАКЕТА ""СТУГНА-П"""	"[""172837""]"	ракета стугна п	объект		[]	False
"РАКЕТА ""СТУГНА-П"""	"РАКЕТА ""СТУГНА-П"""	"[""172837""]"	ракета стугна п	изделие		[]	False
"РАКЕТА ""СТУГНА-П"""	"РАКЕТА ""СТУГНА-П"""	"[""172837""]"	ракета стугна п	техническое средство		[]	False
"РАКЕТА ""СТУГНА-П"""	"РАКЕТА ""СТУГНА-П"""	"[""172837""]"	ракета стугна п	оружие		[]	False
"РАКЕТА ""СТУГНА-П"""	"РАКЕТА ""СТУГНА-П"""	"[""172837""]"	ракета стугна п	ракетное оружие	ракетное оружие	"[""1683""]"	True
"РАКЕТА ""СТУГНА-П"""	"РАКЕТА ""СТУГНА-П"""	"[""172837""]"	ракета стугна п	управляемое ракетное оружие		[]	False
"РАКЕТА ""СТУГНА-П"""	"РАКЕТА ""СТУГНА-П"""	"[""172837""]"	ракета стугна п	противотанковое оружие		[]	False
"РАКЕТА ""СТУГНА-П"""	"РАКЕТА ""СТУГНА-П"""	"[""172837""]"	ракета стугна п	противотанковый ракетный комплекс	противотанковый ракетный комплекс	"[""155294""]"	True
"РАКЕТА ""СТУГНА-П"""	"РАКЕТА ""СТУГНА-П"""	"[""172837""]"	ракета стугна п	ПТРК		[]	False
САМОЛЕТ АН-12	САМОЛЕТ АН-12	"[""173505""]"	самолет ан 12	объект		[]	False
САМОЛЕТ АН-12	САМОЛЕТ АН-12	"[""173505""]"	самолет ан 12	артефакт		[]	False
САМОЛЕТ АН-12	САМОЛЕТ АН-12	"[""173505""]"	самолет ан 12	техника		[]	False
САМОЛЕТ АН-12	САМОЛЕТ АН-12	"[""173505""]"	самолет ан 12	транспорт		[]	False
САМОЛЕТ АН-12	САМОЛЕТ АН-12	"[""173505""]"	самолет ан 12	транспортное средство	транспортное средство	"[""169""]"	True
САМОЛЕТ АН-12	САМОЛЕТ АН-12	"[""173505""]"	самолет ан 12	летательный аппарат	летательный аппарат	"[""211""]"	True
САМОЛЕТ АН-12	САМОЛЕТ АН-12	"[""173505""]"	самолет ан 12	воздушное судно	воздушный судно	"[""142555""]"	True
САМОЛЕТ АН-12	САМОЛЕТ АН-12	"[""173505""]"	самолет ан 12	самолет	самолет	"[""212""]"	True
САМОЛЕТ АН-12	САМОЛЕТ АН-12	"[""173505""]"	самолет ан 12	воздушное транспортное средство	воздушный транспортный средство	"[""8728""]"	True
САМОЛЕТ АН-12	САМОЛЕТ АН-12	"[""173505""]"	самолет ан 12	транспортный самолет	транспортный самолет	"[""5924""]"	True
САМОЛЕТ АН-12	САМОЛЕТ АН-12	"[""173505""]"	самолет ан 12	военно-транспортный самолет	военно-транспортный самолет	"[""121964""]"	True
ИСТРЕБИТЕЛЬ F-16	ИСТРЕБИТЕЛЬ F-16	"[""172868""]"	истребитель f 16	объект		[]	False
ИСТРЕБИТЕЛЬ F-16	ИСТРЕБИТЕЛЬ F-16	"[""172868""]"	истребитель f 16	артефакт		[]	False
ИСТРЕБИТЕЛЬ F-16	ИСТРЕБИТЕЛЬ F-16	"[""172868""]"	истребитель f 16	техническое средство		[]	False
ИСТРЕБИТЕЛЬ F-16	ИСТРЕБИТЕЛЬ F-16	"[""172868""]"	истребитель f 16	транспортное средство	транспортное средство	"[""169""]"	True
ИСТРЕБИТЕЛЬ F-16	ИСТРЕБИТЕЛЬ F-16	"[""172868""]"	истребитель f 16	летательный аппарат	летательный аппарат	"[""211""]"	True
ИСТРЕБИТЕЛЬ F-16	ИСТРЕБИТЕЛЬ F-16	"[""172868""]"	истребитель f 16	воздушное судно	воздушный судно	"[""142555""]"	True
ИСТРЕБИТЕЛЬ F-16	ИСТРЕБИТЕЛЬ F-16	"[""172868""]"	истребитель f 16	самолет	самолет	"[""212""]"	True
ИСТРЕБИТЕЛЬ F-16	ИСТРЕБИТЕЛЬ F-16	"[""172868""]"	истребитель f 16	военный самолет	военный самолет	"[""779""]"	True
ИСТРЕБИТЕЛЬ F-16	ИСТРЕБИТЕЛЬ F-16	"[""172868""]"	истребитель f 16	боевой самолет	боевой самолет	"[""112160""]"	True
ИСТРЕБИТЕЛЬ F-16	ИСТРЕБИТЕЛЬ F-16	"[""172868""]"	истребитель f 16	реактивный самолет	реактивный самолет	"[""214""]"	True
ИСТРЕБИТЕЛЬ F-16	ИСТРЕБИТЕЛЬ F-16	"[""172868""]"	истребитель f 16	истребитель	истребитель	"[""7965""]"	True
ИСТРЕБИТЕЛЬ F-16	ИСТРЕБИТЕЛЬ F-16	"[""172868""]"	истребитель f 16	многоцелевой истребитель	многоцелевой истребитель	"[""133538""]"	True
"АО ""КАМОВ"""	"АО ""КАМОВ"""	"[""165388""]"	ао камов	сущность		[]	False
"АО ""КАМОВ"""	"АО ""КАМОВ"""	"[""165388""]"	ао камов	объект		[]	False
"АО ""КАМОВ"""	"АО ""КАМОВ"""	"[""165388""]"	ао камов	организация		[]	False
"АО ""КАМОВ"""	"АО ""КАМОВ"""	"[""165388""]"	ао камов	юридическое лицо		[]	False
"АО ""КАМОВ"""	"АО ""КАМОВ"""	"[""165388""]"	ао камов	коммерческая организация		[]	False
"АО ""КАМОВ"""	"АО ""КАМОВ"""	"[""165388""]"	ао камов	хозяйственное общество		[]	False
"АО ""КАМОВ"""	"АО ""КАМОВ"""	"[""165388""]"	ао камов	акционерное общество		[]	False
"АО ""КАМОВ"""	"АО ""КАМОВ"""	"[""165388""]"	ао камов	предприятие		[]	False
"АО ""КАМОВ"""	"АО ""КАМОВ"""	"[""165388""]"	ао камов	промышленное предприятие	промышленное предприятие	"[""57""]"	True
"АО ""КАМОВ"""	"АО ""КАМОВ"""	"[""165388""]"	ао камов	авиастроительное предприятие	авиастроительный предприятие	"[""5942""]"	True
"АО ""КАМОВ"""	"АО ""КАМОВ"""	"[""165388""]"	ао камов	авиационная компания	авиационная компания	"[""5223""]"	True
"АО ""КАМОВ"""	"АО ""КАМОВ"""	"[""165388""]"	ао камов	конструкторское бюро		[]	False
БАЛЛИСТИЧЕСКАЯ РАКЕТА МЕНЬШЕЙ ДАЛЬНОСТИ	БАЛЛИСТИЧЕСКАЯ РАКЕТА МЕНЬШЕЙ ДАЛЬНОСТИ	"[""7820""]"	баллистическая ракета меньшей дальности	объект		[]	False
БАЛЛИСТИЧЕСКАЯ РАКЕТА МЕНЬШЕЙ ДАЛЬНОСТИ	БАЛЛИСТИЧЕСКАЯ РАКЕТА МЕНЬШЕЙ ДАЛЬНОСТИ	"[""7820""]"	баллистическая ракета меньшей дальности	материальный объект		[]	False
БАЛЛИСТИЧЕСКАЯ РАКЕТА МЕНЬШЕЙ ДАЛЬНОСТИ	БАЛЛИСТИЧЕСКАЯ РАКЕТА МЕНЬШЕЙ ДАЛЬНОСТИ	"[""7820""]"	баллистическая ракета меньшей дальности	изделие		[]	False
БАЛЛИСТИЧЕСКАЯ РАКЕТА МЕНЬШЕЙ ДАЛЬНОСТИ	БАЛЛИСТИЧЕСКАЯ РАКЕТА МЕНЬШЕЙ ДАЛЬНОСТИ	"[""7820""]"	баллистическая ракета меньшей дальности	техническое устройство	техническое устройство	"[""106555""]"	True
БАЛЛИСТИЧЕСКАЯ РАКЕТА МЕНЬШЕЙ ДАЛЬНОСТИ	БАЛЛИСТИЧЕСКАЯ РАКЕТА МЕНЬШЕЙ ДАЛЬНОСТИ	"[""7820""]"	баллистическая ракета меньшей дальности	средство		[]	False
БАЛЛИСТИЧЕСКАЯ РАКЕТА МЕНЬШЕЙ ДАЛЬНОСТИ	БАЛЛИСТИЧЕСКАЯ РАКЕТА МЕНЬШЕЙ ДАЛЬНОСТИ	"[""7820""]"	баллистическая ракета меньшей дальности	оружие		[]	False
БАЛЛИСТИЧЕСКАЯ РАКЕТА МЕНЬШЕЙ ДАЛЬНОСТИ	БАЛЛИСТИЧЕСКАЯ РАКЕТА МЕНЬШЕЙ ДАЛЬНОСТИ	"[""7820""]"	баллистическая ракета меньшей дальности	ракетное оружие	ракетное оружие	"[""1683""]"	True
БАЛЛИСТИЧЕСКАЯ РАКЕТА МЕНЬШЕЙ ДАЛЬНОСТИ	БАЛЛИСТИЧЕСКАЯ РАКЕТА МЕНЬШЕЙ ДАЛЬНОСТИ	"[""7820""]"	баллистическая ракета меньшей дальности	ракета	ракета	"[""3843""]"	True
БАЛЛИСТИЧЕСКАЯ РАКЕТА МЕНЬШЕЙ ДАЛЬНОСТИ	БАЛЛИСТИЧЕСКАЯ РАКЕТА МЕНЬШЕЙ ДАЛЬНОСТИ	"[""7820""]"	баллистическая ракета меньшей дальности	баллистическая ракета	баллистическая ракета	"[""5840""]"	True
КИТАЙСКИЙ ИСТРЕБИТЕЛЬ J-10	КИТАЙСКИЙ ИСТРЕБИТЕЛЬ J-10	"[""172885""]"	китайский истребитель j 10	объект		[]	False
КИТАЙСКИЙ ИСТРЕБИТЕЛЬ J-10	КИТАЙСКИЙ ИСТРЕБИТЕЛЬ J-10	"[""172885""]"	китайский истребитель j 10	артефакт		[]	False
КИТАЙСКИЙ ИСТРЕБИТЕЛЬ J-10	КИТАЙСКИЙ ИСТРЕБИТЕЛЬ J-10	"[""172885""]"	китайский истребитель j 10	техника		[]	False
КИТАЙСКИЙ ИСТРЕБИТЕЛЬ J-10	КИТАЙСКИЙ ИСТРЕБИТЕЛЬ J-10	"[""172885""]"	китайский истребитель j 10	транспортное средство	транспортное средство	"[""169""]"	True
КИТАЙСКИЙ ИСТРЕБИТЕЛЬ J-10	КИТАЙСКИЙ ИСТРЕБИТЕЛЬ J-10	"[""172885""]"	китайский истребитель j 10	летательный аппарат	летательный аппарат	"[""211""]"	True
КИТАЙСКИЙ ИСТРЕБИТЕЛЬ J-10	КИТАЙСКИЙ ИСТРЕБИТЕЛЬ J-10	"[""172885""]"	китайский истребитель j 10	воздушное судно	воздушный судно	"[""142555""]"	True
КИТАЙСКИЙ ИСТРЕБИТЕЛЬ J-10	КИТАЙСКИЙ ИСТРЕБИТЕЛЬ J-10	"[""172885""]"	китайский истребитель j 10	самолет	самолет	"[""212""]"	True
КИТАЙСКИЙ ИСТРЕБИТЕЛЬ J-10	КИТАЙСКИЙ ИСТРЕБИТЕЛЬ J-10	"[""172885""]"	китайский истребитель j 10	военный самолет	военный самолет	"[""779""]"	True
КИТАЙСКИЙ ИСТРЕБИТЕЛЬ J-10	КИТАЙСКИЙ ИСТРЕБИТЕЛЬ J-10	"[""172885""]"	китайский истребитель j 10	боевой самолет	боевой самолет	"[""112160""]"	True
КИТАЙСКИЙ ИСТРЕБИТЕЛЬ J-10	КИТАЙСКИЙ ИСТРЕБИТЕЛЬ J-10	"[""172885""]"	китайский истребитель j 10	истребитель	истребитель	"[""7965""]"	True
КИТАЙСКИЙ ИСТРЕБИТЕЛЬ J-10	КИТАЙСКИЙ ИСТРЕБИТЕЛЬ J-10	"[""172885""]"	китайский истребитель j 10	реактивный истребитель		[]	False
САМОЛЕТ KAWASAKI C-1	САМОЛЕТ KAWASAKI C-1	"[""173003""]"	самолет kawasaki c 1	объект		[]	False
САМОЛЕТ KAWASAKI C-1	САМОЛЕТ KAWASAKI C-1	"[""173003""]"	самолет kawasaki c 1	артефакт		[]	False
САМОЛЕТ KAWASAKI C-1	САМОЛЕТ KAWASAKI C-1	"[""173003""]"	самолет kawasaki c 1	транспортное средство	транспортное средство	"[""169""]"	True
САМОЛЕТ KAWASAKI C-1	САМОЛЕТ KAWASAKI C-1	"[""173003""]"	самолет kawasaki c 1	летательный аппарат	летательный аппарат	"[""211""]"	True
САМОЛЕТ KAWASAKI C-1	САМОЛЕТ KAWASAKI C-1	"[""173003""]"	самолет kawasaki c 1	воздушное судно	воздушный судно	"[""142555""]"	True
САМОЛЕТ KAWASAKI C-1	САМОЛЕТ KAWASAKI C-1	"[""173003""]"	самолет kawasaki c 1	самолет	самолет	"[""212""]"	True
САМОЛЕТ KAWASAKI C-1	САМОЛЕТ KAWASAKI C-1	"[""173003""]"	самолет kawasaki c 1	реактивный самолет	реактивный самолет	"[""214""]"	True
САМОЛЕТ KAWASAKI C-1	САМОЛЕТ KAWASAKI C-1	"[""173003""]"	самолет kawasaki c 1	транспортный самолет	транспортный самолет	"[""5924""]"	True
САМОЛЕТ KAWASAKI C-1	САМОЛЕТ KAWASAKI C-1	"[""173003""]"	самолет kawasaki c 1	военно-транспортный самолет	военно-транспортный самолет	"[""121964""]"	True
РАКЕТА Р-73Э	РАКЕТА Р-73Э	"[""173414""]"	ракета р-73э	объект		[]	False
РАКЕТА Р-73Э	РАКЕТА Р-73Э	"[""173414""]"	ракета р-73э	изделие		[]	False
РАКЕТА Р-73Э	РАКЕТА Р-73Э	"[""173414""]"	ракета р-73э	техническое изделие		[]	False
РАКЕТА Р-73Э	РАКЕТА Р-73Э	"[""173414""]"	ракета р-73э	вооружение	вооружение	"[""1196""]"	True
РАКЕТА Р-73Э	РАКЕТА Р-73Э	"[""173414""]"	ракета р-73э	ракетное вооружение		[]	False
РАКЕТА Р-73Э	РАКЕТА Р-73Э	"[""173414""]"	ракета р-73э	ракета	ракета	"[""3843""]"	True
РАКЕТА Р-73Э	РАКЕТА Р-73Э	"[""173414""]"	ракета р-73э	управляемая ракета	управляемая ракета	"[""133535""]"	True
РАКЕТА Р-73Э	РАКЕТА Р-73Э	"[""173414""]"	ракета р-73э	авиационная ракета	авиационный ракета	"[""153822""]"	True
РАКЕТА Р-73Э	РАКЕТА Р-73Э	"[""173414""]"	ракета р-73э	авиационная управляемая ракета		[]	False
РАКЕТА Р-73Э	РАКЕТА Р-73Э	"[""173414""]"	ракета р-73э	"ракета класса ""воздух — воздух"""		[]	False
КОСМИЧЕСКИЙ АППАРАТ	КОСМИЧЕСКИЙ АППАРАТ	"[""1023""]"	космический аппарат	объект		[]	False
КОСМИЧЕСКИЙ АППАРАТ	КОСМИЧЕСКИЙ АППАРАТ	"[""1023""]"	космический аппарат	предмет		[]	False
КОСМИЧЕСКИЙ АППАРАТ	КОСМИЧЕСКИЙ АППАРАТ	"[""1023""]"	космический аппарат	изделие		[]	False
КОСМИЧЕСКИЙ АППАРАТ	КОСМИЧЕСКИЙ АППАРАТ	"[""1023""]"	космический аппарат	техническое изделие		[]	False
КОСМИЧЕСКИЙ АППАРАТ	КОСМИЧЕСКИЙ АППАРАТ	"[""1023""]"	космический аппарат	устройство		[]	False
КОСМИЧЕСКИЙ АППАРАТ	КОСМИЧЕСКИЙ АППАРАТ	"[""1023""]"	космический аппарат	техническое устройство	техническое устройство	"[""106555""]"	True
КОСМИЧЕСКИЙ АППАРАТ	КОСМИЧЕСКИЙ АППАРАТ	"[""1023""]"	космический аппарат	аппарат		[]	False
КОСМИЧЕСКИЙ АППАРАТ	КОСМИЧЕСКИЙ АППАРАТ	"[""1023""]"	космический аппарат	летательный аппарат	летательный аппарат	"[""211""]"	True
КОСМИЧЕСКИЙ АППАРАТ	КОСМИЧЕСКИЙ АППАРАТ	"[""1023""]"	космический аппарат	воздушное судно	воздушный судно	"[""142555""]"	True
КОСМИЧЕСКИЙ АППАРАТ	КОСМИЧЕСКИЙ АППАРАТ	"[""1023""]"	космический аппарат	транспортное средство	транспортное средство	"[""169""]"	True
КОСМИЧЕСКИЙ АППАРАТ	КОСМИЧЕСКИЙ АППАРАТ	"[""1023""]"	космический аппарат	космическая техника	космическая техника	"[""956""]"	True
КОСМИЧЕСКИЙ АППАРАТ	КОСМИЧЕСКИЙ АППАРАТ	"[""1023""]"	космический аппарат	космический объект	космический объект	"[""132980""]"	True
КРЫЛО САМОЛЕТА	КРЫЛО САМОЛЕТА	"[""147069""]"	крыло самолета	объект		[]	False
КРЫЛО САМОЛЕТА	КРЫЛО САМОЛЕТА	"[""147069""]"	крыло самолета	материальный объект		[]	False
КРЫЛО САМОЛЕТА	КРЫЛО САМОЛЕТА	"[""147069""]"	крыло самолета	изделие		[]	False
КРЫЛО САМОЛЕТА	КРЫЛО САМОЛЕТА	"[""147069""]"	крыло самолета	техническое изделие		[]	False
КРЫЛО САМОЛЕТА	КРЫЛО САМОЛЕТА	"[""147069""]"	крыло самолета	транспортное средство	транспортное средство	"[""169""]"	True
КРЫЛО САМОЛЕТА	КРЫЛО САМОЛЕТА	"[""147069""]"	крыло самолета	летательный аппарат	летательный аппарат	"[""211""]"	True
КРЫЛО САМОЛЕТА	КРЫЛО САМОЛЕТА	"[""147069""]"	крыло самолета	воздушное судно	воздушный судно	"[""142555""]"	True
КРЫЛО САМОЛЕТА	КРЫЛО САМОЛЕТА	"[""147069""]"	крыло самолета	самолет	самолет	"[""212""]"	True
КРЫЛО САМОЛЕТА	КРЫЛО САМОЛЕТА	"[""147069""]"	крыло самолета	часть самолета	часть самолета	"[""143441""]"	True
КРЫЛО САМОЛЕТА	КРЫЛО САМОЛЕТА	"[""147069""]"	крыло самолета	авиационная конструкция		[]	False
КРЫЛО САМОЛЕТА	КРЫЛО САМОЛЕТА	"[""147069""]"	крыло самолета	несущая поверхность		[]	False
БУЛАВА (РАКЕТА)	БУЛАВА (РАКЕТА)	"[""153754""]"	булава ракета	оружие		[]	False
БУЛАВА (РАКЕТА)	БУЛАВА (РАКЕТА)	"[""153754""]"	булава ракета	средство поражения		[]	False
БУЛАВА (РАКЕТА)	БУЛАВА (РАКЕТА)	"[""153754""]"	булава ракета	ракетное оружие	ракетное оружие	"[""1683""]"	True
БУЛАВА (РАКЕТА)	БУЛАВА (РАКЕТА)	"[""153754""]"	булава ракета	ракета	ракета	"[""3843""]"	True
БУЛАВА (РАКЕТА)	БУЛАВА (РАКЕТА)	"[""153754""]"	булава ракета	баллистическая ракета	баллистическая ракета	"[""5840""]"	True
БУЛАВА (РАКЕТА)	БУЛАВА (РАКЕТА)	"[""153754""]"	булава ракета	межконтинентальная баллистическая ракета	межконтинентальный баллистический ракета	"[""4124""]"	True
FPV-ДРОН	FPV-ДРОН	"[""172439""]"	fpv-дрон	объект		[]	False
FPV-ДРОН	FPV-ДРОН	"[""172439""]"	fpv-дрон	устройство		[]	False
FPV-ДРОН	FPV-ДРОН	"[""172439""]"	fpv-дрон	техническое средство		[]	False
FPV-ДРОН	FPV-ДРОН	"[""172439""]"	fpv-дрон	аппарат		[]	False
FPV-ДРОН	FPV-ДРОН	"[""172439""]"	fpv-дрон	летательный аппарат	летательный аппарат	"[""211""]"	True
FPV-ДРОН	FPV-ДРОН	"[""172439""]"	fpv-дрон	беспилотный летательный аппарат	беспилотный летательный аппарат	"[""3881""]"	True
FPV-ДРОН	FPV-ДРОН	"[""172439""]"	fpv-дрон	беспилотник		[]	False
FPV-ДРОН	FPV-ДРОН	"[""172439""]"	fpv-дрон	дрон	дрон	"[""167369""]"	True
FPV-ДРОН	FPV-ДРОН	"[""172439""]"	fpv-дрон	радиоуправляемый летательный аппарат		[]	False
FPV-ДРОН	FPV-ДРОН	"[""172439""]"	fpv-дрон	FPV-аппарат		[]	False
КОСМИЧЕСКИЙ ПОЛЕТ К ЛУНЕ	КОСМИЧЕСКИЙ ПОЛЕТ К ЛУНЕ	"[""140365""]"	космический полет к луне	полет		[]	False
КОСМИЧЕСКИЙ ПОЛЕТ К ЛУНЕ	КОСМИЧЕСКИЙ ПОЛЕТ К ЛУНЕ	"[""140365""]"	космический полет к луне	космический полет	космический полет	"[""4494""]"	True
КОСМИЧЕСКИЙ ПОЛЕТ К ЛУНЕ	КОСМИЧЕСКИЙ ПОЛЕТ К ЛУНЕ	"[""140365""]"	космический полет к луне	космическая экспедиция	космический экспедиция	[]	False
КОСМИЧЕСКИЙ ПОЛЕТ К ЛУНЕ	КОСМИЧЕСКИЙ ПОЛЕТ К ЛУНЕ	"[""140365""]"	космический полет к луне	космическая миссия		[]	False
КОСМИЧЕСКИЙ ПОЛЕТ К ЛУНЕ	КОСМИЧЕСКИЙ ПОЛЕТ К ЛУНЕ	"[""140365""]"	космический полет к луне	космическое путешествие		[]	False
КОСМИЧЕСКИЙ ПОЛЕТ К ЛУНЕ	КОСМИЧЕСКИЙ ПОЛЕТ К ЛУНЕ	"[""140365""]"	космический полет к луне	путешествие		[]	False
КОСМИЧЕСКИЙ ПОЛЕТ К ЛУНЕ	КОСМИЧЕСКИЙ ПОЛЕТ К ЛУНЕ	"[""140365""]"	космический полет к луне	перемещение		[]	False
КОСМИЧЕСКИЙ ПОЛЕТ К ЛУНЕ	КОСМИЧЕСКИЙ ПОЛЕТ К ЛУНЕ	"[""140365""]"	космический полет к луне	движение		[]	False
КОСМИЧЕСКИЙ ПОЛЕТ К ЛУНЕ	КОСМИЧЕСКИЙ ПОЛЕТ К ЛУНЕ	"[""140365""]"	космический полет к луне	процесс		[]	False
КОСМИЧЕСКИЙ ПОЛЕТ К ЛУНЕ	КОСМИЧЕСКИЙ ПОЛЕТ К ЛУНЕ	"[""140365""]"	космический полет к луне	событие		[]	False
ИСТРЕБИТЕЛЬ МИГ-29	ИСТРЕБИТЕЛЬ МИГ-29	"[""165380""]"	истребитель миг-29	объект		[]	False
ИСТРЕБИТЕЛЬ МИГ-29	ИСТРЕБИТЕЛЬ МИГ-29	"[""165380""]"	истребитель миг-29	артефакт		[]	False
ИСТРЕБИТЕЛЬ МИГ-29	ИСТРЕБИТЕЛЬ МИГ-29	"[""165380""]"	истребитель миг-29	техническое средство		[]	False
ИСТРЕБИТЕЛЬ МИГ-29	ИСТРЕБИТЕЛЬ МИГ-29	"[""165380""]"	истребитель миг-29	транспортное средство	транспортное средство	"[""169""]"	True
ИСТРЕБИТЕЛЬ МИГ-29	ИСТРЕБИТЕЛЬ МИГ-29	"[""165380""]"	истребитель миг-29	летательный аппарат	летательный аппарат	"[""211""]"	True
ИСТРЕБИТЕЛЬ МИГ-29	ИСТРЕБИТЕЛЬ МИГ-29	"[""165380""]"	истребитель миг-29	воздушное судно	воздушный судно	"[""142555""]"	True
ИСТРЕБИТЕЛЬ МИГ-29	ИСТРЕБИТЕЛЬ МИГ-29	"[""165380""]"	истребитель миг-29	самолет	самолет	"[""212""]"	True
ИСТРЕБИТЕЛЬ МИГ-29	ИСТРЕБИТЕЛЬ МИГ-29	"[""165380""]"	истребитель миг-29	военный самолет	военный самолет	"[""779""]"	True
ИСТРЕБИТЕЛЬ МИГ-29	ИСТРЕБИТЕЛЬ МИГ-29	"[""165380""]"	истребитель миг-29	боевой самолет	боевой самолет	"[""112160""]"	True
ИСТРЕБИТЕЛЬ МИГ-29	ИСТРЕБИТЕЛЬ МИГ-29	"[""165380""]"	истребитель миг-29	реактивный самолет	реактивный самолет	"[""214""]"	True
ИСТРЕБИТЕЛЬ МИГ-29	ИСТРЕБИТЕЛЬ МИГ-29	"[""165380""]"	истребитель миг-29	военный летательный аппарат		[]	False
ИСТРЕБИТЕЛЬ МИГ-29	ИСТРЕБИТЕЛЬ МИГ-29	"[""165380""]"	истребитель миг-29	боевой летательный аппарат		[]	False
ИСТРЕБИТЕЛЬ МИГ-29	ИСТРЕБИТЕЛЬ МИГ-29	"[""165380""]"	истребитель миг-29	истребитель	истребитель	"[""7965""]"	True
ИСТРЕБИТЕЛЬ МИГ-29	ИСТРЕБИТЕЛЬ МИГ-29	"[""165380""]"	истребитель миг-29	реактивный истребитель		[]	False
БОМБАРДИРОВЩИК-РАКЕТОНОСЕЦ ТУ-160	БОМБАРДИРОВЩИК-РАКЕТОНОСЕЦ ТУ-160	"[""172360""]"	бомбардировщик-ракетоносец ту-160	объект		[]	False
БОМБАРДИРОВЩИК-РАКЕТОНОСЕЦ ТУ-160	БОМБАРДИРОВЩИК-РАКЕТОНОСЕЦ ТУ-160	"[""172360""]"	бомбардировщик-ракетоносец ту-160	изделие		[]	False
БОМБАРДИРОВЩИК-РАКЕТОНОСЕЦ ТУ-160	БОМБАРДИРОВЩИК-РАКЕТОНОСЕЦ ТУ-160	"[""172360""]"	бомбардировщик-ракетоносец ту-160	техническое средство		[]	False
БОМБАРДИРОВЩИК-РАКЕТОНОСЕЦ ТУ-160	БОМБАРДИРОВЩИК-РАКЕТОНОСЕЦ ТУ-160	"[""172360""]"	бомбардировщик-ракетоносец ту-160	транспортное средство	транспортное средство	"[""169""]"	True
БОМБАРДИРОВЩИК-РАКЕТОНОСЕЦ ТУ-160	БОМБАРДИРОВЩИК-РАКЕТОНОСЕЦ ТУ-160	"[""172360""]"	бомбардировщик-ракетоносец ту-160	летательный аппарат	летательный аппарат	"[""211""]"	True
БОМБАРДИРОВЩИК-РАКЕТОНОСЕЦ ТУ-160	БОМБАРДИРОВЩИК-РАКЕТОНОСЕЦ ТУ-160	"[""172360""]"	бомбардировщик-ракетоносец ту-160	воздушное судно	воздушный судно	"[""142555""]"	True
БОМБАРДИРОВЩИК-РАКЕТОНОСЕЦ ТУ-160	БОМБАРДИРОВЩИК-РАКЕТОНОСЕЦ ТУ-160	"[""172360""]"	бомбардировщик-ракетоносец ту-160	самолет	самолет	"[""212""]"	True
БОМБАРДИРОВЩИК-РАКЕТОНОСЕЦ ТУ-160	БОМБАРДИРОВЩИК-РАКЕТОНОСЕЦ ТУ-160	"[""172360""]"	бомбардировщик-ракетоносец ту-160	военный самолет	военный самолет	"[""779""]"	True
БОМБАРДИРОВЩИК-РАКЕТОНОСЕЦ ТУ-160	БОМБАРДИРОВЩИК-РАКЕТОНОСЕЦ ТУ-160	"[""172360""]"	бомбардировщик-ракетоносец ту-160	боевой самолет	боевой самолет	"[""112160""]"	True
БОМБАРДИРОВЩИК-РАКЕТОНОСЕЦ ТУ-160	БОМБАРДИРОВЩИК-РАКЕТОНОСЕЦ ТУ-160	"[""172360""]"	бомбардировщик-ракетоносец ту-160	бомбардировщик	бомбардировщик	"[""7378""]"	True
БОМБАРДИРОВЩИК-РАКЕТОНОСЕЦ ТУ-160	БОМБАРДИРОВЩИК-РАКЕТОНОСЕЦ ТУ-160	"[""172360""]"	бомбардировщик-ракетоносец ту-160	ракетоносец	ракетоносец	"[""145346""]"	True
БОМБАРДИРОВЩИК-РАКЕТОНОСЕЦ ТУ-160	БОМБАРДИРОВЩИК-РАКЕТОНОСЕЦ ТУ-160	"[""172360""]"	бомбардировщик-ракетоносец ту-160	стратегический бомбардировщик	стратегический бомбардировщик	"[""7379""]"	True
ПОСАДКА ЛЕТАТЕЛЬНОГО АППАРАТА	ПОСАДКА ЛЕТАТЕЛЬНОГО АППАРАТА	"[""153865""]"	посадка летательного аппарата	действие		[]	False
ПОСАДКА ЛЕТАТЕЛЬНОГО АППАРАТА	ПОСАДКА ЛЕТАТЕЛЬНОГО АППАРАТА	"[""153865""]"	посадка летательного аппарата	процесс		[]	False
ПОСАДКА ЛЕТАТЕЛЬНОГО АППАРАТА	ПОСАДКА ЛЕТАТЕЛЬНОГО АППАРАТА	"[""153865""]"	посадка летательного аппарата	перемещение		[]	False
ПОСАДКА ЛЕТАТЕЛЬНОГО АППАРАТА	ПОСАДКА ЛЕТАТЕЛЬНОГО АППАРАТА	"[""153865""]"	посадка летательного аппарата	транспортное перемещение		[]	False
ПОСАДКА ЛЕТАТЕЛЬНОГО АППАРАТА	ПОСАДКА ЛЕТАТЕЛЬНОГО АППАРАТА	"[""153865""]"	посадка летательного аппарата	маневр		[]	False
ПОСАДКА ЛЕТАТЕЛЬНОГО АППАРАТА	ПОСАДКА ЛЕТАТЕЛЬНОГО АППАРАТА	"[""153865""]"	посадка летательного аппарата	летный маневр		[]	False
ПОСАДКА ЛЕТАТЕЛЬНОГО АППАРАТА	ПОСАДКА ЛЕТАТЕЛЬНОГО АППАРАТА	"[""153865""]"	посадка летательного аппарата	этап полета		[]	False
ПОСАДКА ЛЕТАТЕЛЬНОГО АППАРАТА	ПОСАДКА ЛЕТАТЕЛЬНОГО АППАРАТА	"[""153865""]"	посадка летательного аппарата	операция		[]	False
ПОСАДКА ЛЕТАТЕЛЬНОГО АППАРАТА	ПОСАДКА ЛЕТАТЕЛЬНОГО АППАРАТА	"[""153865""]"	посадка летательного аппарата	авиационная операция		[]	False
ЯКОВЛЕВ-40	ЯКОВЛЕВ-40	"[""129612""]"	яковлев 40	объект		[]	False
ЯКОВЛЕВ-40	ЯКОВЛЕВ-40	"[""129612""]"	яковлев 40	артефакт		[]	False
ЯКОВЛЕВ-40	ЯКОВЛЕВ-40	"[""129612""]"	яковлев 40	транспортное средство	транспортное средство	"[""169""]"	True
ЯКОВЛЕВ-40	ЯКОВЛЕВ-40	"[""129612""]"	яковлев 40	средство передвижения		[]	False
ЯКОВЛЕВ-40	ЯКОВЛЕВ-40	"[""129612""]"	яковлев 40	летательный аппарат	летательный аппарат	"[""211""]"	True
ЯКОВЛЕВ-40	ЯКОВЛЕВ-40	"[""129612""]"	яковлев 40	воздушное судно	воздушный судно	"[""142555""]"	True
ЯКОВЛЕВ-40	ЯКОВЛЕВ-40	"[""129612""]"	яковлев 40	самолет	самолет	"[""212""]"	True
ЯКОВЛЕВ-40	ЯКОВЛЕВ-40	"[""129612""]"	яковлев 40	пассажирский самолет	пассажирский самолет	"[""128011""]"	True
ЯКОВЛЕВ-40	ЯКОВЛЕВ-40	"[""129612""]"	яковлев 40	реактивный самолет	реактивный самолет	"[""214""]"	True
ЯКОВЛЕВ-40	ЯКОВЛЕВ-40	"[""129612""]"	яковлев 40	самолет местных воздушных линий		[]	False
DASSAULT MIRAGE 2000	DASSAULT MIRAGE 2000	"[""168886""]"	dassault mirage 2000	объект		[]	False
DASSAULT MIRAGE 2000	DASSAULT MIRAGE 2000	"[""168886""]"	dassault mirage 2000	артефакт		[]	False
DASSAULT MIRAGE 2000	DASSAULT MIRAGE 2000	"[""168886""]"	dassault mirage 2000	транспортное средство	транспортное средство	"[""169""]"	True
DASSAULT MIRAGE 2000	DASSAULT MIRAGE 2000	"[""168886""]"	dassault mirage 2000	летательный аппарат	летательный аппарат	"[""211""]"	True
DASSAULT MIRAGE 2000	DASSAULT MIRAGE 2000	"[""168886""]"	dassault mirage 2000	воздушное судно	воздушный судно	"[""142555""]"	True
DASSAULT MIRAGE 2000	DASSAULT MIRAGE 2000	"[""168886""]"	dassault mirage 2000	самолет	самолет	"[""212""]"	True
DASSAULT MIRAGE 2000	DASSAULT MIRAGE 2000	"[""168886""]"	dassault mirage 2000	военный самолет	военный самолет	"[""779""]"	True
DASSAULT MIRAGE 2000	DASSAULT MIRAGE 2000	"[""168886""]"	dassault mirage 2000	боевой самолет	боевой самолет	"[""112160""]"	True
DASSAULT MIRAGE 2000	DASSAULT MIRAGE 2000	"[""168886""]"	dassault mirage 2000	военный реактивный самолет		[]	False
DASSAULT MIRAGE 2000	DASSAULT MIRAGE 2000	"[""168886""]"	dassault mirage 2000	истребитель	истребитель	"[""7965""]"	True
DASSAULT MIRAGE 2000	DASSAULT MIRAGE 2000	"[""168886""]"	dassault mirage 2000	реактивный истребитель		[]	False
DASSAULT MIRAGE 2000	DASSAULT MIRAGE 2000	"[""168886""]"	dassault mirage 2000	многоцелевой истребитель	многоцелевой истребитель	"[""133538""]"	True
САМОЛЕТ	САМОЛЕТ	"[""212""]"	самолет	объект		[]	False
САМОЛЕТ	САМОЛЕТ	"[""212""]"	самолет	предмет		[]	False
САМОЛЕТ	САМОЛЕТ	"[""212""]"	самолет	артефакт		[]	False
САМОЛЕТ	САМОЛЕТ	"[""212""]"	самолет	техническое средство		[]	False
САМОЛЕТ	САМОЛЕТ	"[""212""]"	самолет	транспортное средство	транспортное средство	"[""169""]"	True
САМОЛЕТ	САМОЛЕТ	"[""212""]"	самолет	средство передвижения		[]	False
САМОЛЕТ	САМОЛЕТ	"[""212""]"	самолет	летательный аппарат	летательный аппарат	"[""211""]"	True
САМОЛЕТ	САМОЛЕТ	"[""212""]"	самолет	воздушное судно	воздушный судно	"[""142555""]"	True
ИССЛЕДОВАНИЕ ЛУНЫ	ИССЛЕДОВАНИЕ ЛУНЫ	"[""140364""]"	исследование луны	деятельность		[]	False
ИССЛЕДОВАНИЕ ЛУНЫ	ИССЛЕДОВАНИЕ ЛУНЫ	"[""140364""]"	исследование луны	работа		[]	False
ИССЛЕДОВАНИЕ ЛУНЫ	ИССЛЕДОВАНИЕ ЛУНЫ	"[""140364""]"	исследование луны	научная деятельность		[]	False
ИССЛЕДОВАНИЕ ЛУНЫ	ИССЛЕДОВАНИЕ ЛУНЫ	"[""140364""]"	исследование луны	познавательная деятельность		[]	False
ИССЛЕДОВАНИЕ ЛУНЫ	ИССЛЕДОВАНИЕ ЛУНЫ	"[""140364""]"	исследование луны	исследование		[]	False
ИССЛЕДОВАНИЕ ЛУНЫ	ИССЛЕДОВАНИЕ ЛУНЫ	"[""140364""]"	исследование луны	научное исследование	научное исследование	"[""6338""]"	True
ИССЛЕДОВАНИЕ ЛУНЫ	ИССЛЕДОВАНИЕ ЛУНЫ	"[""140364""]"	исследование луны	космическое исследование	космический исследование	"[""137619""]"	True
ИССЛЕДОВАНИЕ ЛУНЫ	ИССЛЕДОВАНИЕ ЛУНЫ	"[""140364""]"	исследование луны	исследование космоса	исследование космоса	[]	False
ИССЛЕДОВАНИЕ ЛУНЫ	ИССЛЕДОВАНИЕ ЛУНЫ	"[""140364""]"	исследование луны	астрономическое исследование		[]	False
ИССЛЕДОВАНИЕ ЛУНЫ	ИССЛЕДОВАНИЕ ЛУНЫ	"[""140364""]"	исследование луны	планетологическое исследование		[]	False
ПИЛОТИРУЕМЫЙ КОСМИЧЕСКИЙ КОРАБЛЬ	ПИЛОТИРУЕМЫЙ КОСМИЧЕСКИЙ КОРАБЛЬ	"[""8250""]"	пилотируемый космический корабль	объект		[]	False
ПИЛОТИРУЕМЫЙ КОСМИЧЕСКИЙ КОРАБЛЬ	ПИЛОТИРУЕМЫЙ КОСМИЧЕСКИЙ КОРАБЛЬ	"[""8250""]"	пилотируемый космический корабль	изделие		[]	False
ПИЛОТИРУЕМЫЙ КОСМИЧЕСКИЙ КОРАБЛЬ	ПИЛОТИРУЕМЫЙ КОСМИЧЕСКИЙ КОРАБЛЬ	"[""8250""]"	пилотируемый космический корабль	техническое средство		[]	False
ПИЛОТИРУЕМЫЙ КОСМИЧЕСКИЙ КОРАБЛЬ	ПИЛОТИРУЕМЫЙ КОСМИЧЕСКИЙ КОРАБЛЬ	"[""8250""]"	пилотируемый космический корабль	транспортное средство	транспортное средство	"[""169""]"	True
ПИЛОТИРУЕМЫЙ КОСМИЧЕСКИЙ КОРАБЛЬ	ПИЛОТИРУЕМЫЙ КОСМИЧЕСКИЙ КОРАБЛЬ	"[""8250""]"	пилотируемый космический корабль	летательный аппарат	летательный аппарат	"[""211""]"	True
ПИЛОТИРУЕМЫЙ КОСМИЧЕСКИЙ КОРАБЛЬ	ПИЛОТИРУЕМЫЙ КОСМИЧЕСКИЙ КОРАБЛЬ	"[""8250""]"	пилотируемый космический корабль	космический аппарат	космический аппарат	"[""1023""]"	True
ПИЛОТИРУЕМЫЙ КОСМИЧЕСКИЙ КОРАБЛЬ	ПИЛОТИРУЕМЫЙ КОСМИЧЕСКИЙ КОРАБЛЬ	"[""8250""]"	пилотируемый космический корабль	космический корабль	космический корабль	[]	False
ПИЛОТИРУЕМЫЙ КОСМИЧЕСКИЙ КОРАБЛЬ	ПИЛОТИРУЕМЫЙ КОСМИЧЕСКИЙ КОРАБЛЬ	"[""8250""]"	пилотируемый космический корабль	пилотируемый космический аппарат	пилотируемый космический аппарат	"[""8250""]"	True
НЕБЕСНОЕ СВЕТИЛО	НЕБЕСНОЕ СВЕТИЛО	"[""123867""]"	небесное светило	объект		[]	False
НЕБЕСНОЕ СВЕТИЛО	НЕБЕСНОЕ СВЕТИЛО	"[""123867""]"	небесное светило	предмет		[]	False
НЕБЕСНОЕ СВЕТИЛО	НЕБЕСНОЕ СВЕТИЛО	"[""123867""]"	небесное светило	сущность		[]	False
НЕБЕСНОЕ СВЕТИЛО	НЕБЕСНОЕ СВЕТИЛО	"[""123867""]"	небесное светило	тело		[]	False
НЕБЕСНОЕ СВЕТИЛО	НЕБЕСНОЕ СВЕТИЛО	"[""123867""]"	небесное светило	материальный объект		[]	False
НЕБЕСНОЕ СВЕТИЛО	НЕБЕСНОЕ СВЕТИЛО	"[""123867""]"	небесное светило	физический объект	физический объект	"[""147133""]"	True
НЕБЕСНОЕ СВЕТИЛО	НЕБЕСНОЕ СВЕТИЛО	"[""123867""]"	небесное светило	естественный объект		[]	False
НЕБЕСНОЕ СВЕТИЛО	НЕБЕСНОЕ СВЕТИЛО	"[""123867""]"	небесное светило	астрономический объект		[]	False
НЕБЕСНОЕ СВЕТИЛО	НЕБЕСНОЕ СВЕТИЛО	"[""123867""]"	небесное светило	небесное тело	небесный тело	"[""3540""]"	True
СОЗВЕЗДИЕ ЮЖНОГО ПОЛУШАРИЯ	СОЗВЕЗДИЕ ЮЖНОГО ПОЛУШАРИЯ	"[""125328""]"	созвездие южного полушария	астрономический объект		[]	False
СОЗВЕЗДИЕ ЮЖНОГО ПОЛУШАРИЯ	СОЗВЕЗДИЕ ЮЖНОГО ПОЛУШАРИЯ	"[""125328""]"	созвездие южного полушария	небесный объект		[]	False
СОЗВЕЗДИЕ ЮЖНОГО ПОЛУШАРИЯ	СОЗВЕЗДИЕ ЮЖНОГО ПОЛУШАРИЯ	"[""125328""]"	созвездие южного полушария	участок звездного неба		[]	False
СОЗВЕЗДИЕ ЮЖНОГО ПОЛУШАРИЯ	СОЗВЕЗДИЕ ЮЖНОГО ПОЛУШАРИЯ	"[""125328""]"	созвездие южного полушария	созвездие	созвездие	"[""125313""]"	True
РАЗГОННЫЙ БЛОК	РАЗГОННЫЙ БЛОК	"[""135534""]"	разгонный блок	объект		[]	False
РАЗГОННЫЙ БЛОК	РАЗГОННЫЙ БЛОК	"[""135534""]"	разгонный блок	изделие		[]	False
РАЗГОННЫЙ БЛОК	РАЗГОННЫЙ БЛОК	"[""135534""]"	разгонный блок	техническое изделие		[]	False
РАЗГОННЫЙ БЛОК	РАЗГОННЫЙ БЛОК	"[""135534""]"	разгонный блок	устройство		[]	False
РАЗГОННЫЙ БЛОК	РАЗГОННЫЙ БЛОК	"[""135534""]"	разгонный блок	космическая техника	космическая техника	"[""956""]"	True
РАЗГОННЫЙ БЛОК	РАЗГОННЫЙ БЛОК	"[""135534""]"	разгонный блок	ракетно-космическая техника	ракетно космическая техника	"[""6239""]"	True
РАЗГОННЫЙ БЛОК	РАЗГОННЫЙ БЛОК	"[""135534""]"	разгонный блок	космический аппарат	космический аппарат	"[""1023""]"	True
РАЗГОННЫЙ БЛОК	РАЗГОННЫЙ БЛОК	"[""135534""]"	разгонный блок	космический модуль	космический модуль	[]	False
РАЗГОННЫЙ БЛОК	РАЗГОННЫЙ БЛОК	"[""135534""]"	разгонный блок	ракетный блок		[]	False
СПУТНИК СВЯЗИ	СПУТНИК СВЯЗИ	"[""1025""]"	спутник связи	объект		[]	False
СПУТНИК СВЯЗИ	СПУТНИК СВЯЗИ	"[""1025""]"	спутник связи	изделие		[]	False
СПУТНИК СВЯЗИ	СПУТНИК СВЯЗИ	"[""1025""]"	спутник связи	устройство		[]	False
СПУТНИК СВЯЗИ	СПУТНИК СВЯЗИ	"[""1025""]"	спутник связи	техническое средство		[]	False
СПУТНИК СВЯЗИ	СПУТНИК СВЯЗИ	"[""1025""]"	спутник связи	средство связи		[]	False
СПУТНИК СВЯЗИ	СПУТНИК СВЯЗИ	"[""1025""]"	спутник связи	космический аппарат	космический аппарат	"[""1023""]"	True
СПУТНИК СВЯЗИ	СПУТНИК СВЯЗИ	"[""1025""]"	спутник связи	искусственный спутник	искусственный спутник	"[""2497""]"	True
СПУТНИК СВЯЗИ	СПУТНИК СВЯЗИ	"[""1025""]"	спутник связи	спутник связи	спутник связи	"[""1025""]"	True
РАКЕТА-НОСИТЕЛЬ АНГАРА	РАКЕТА-НОСИТЕЛЬ АНГАРА	"[""154833""]"	ракета-носитель ангара	объект		[]	False
РАКЕТА-НОСИТЕЛЬ АНГАРА	РАКЕТА-НОСИТЕЛЬ АНГАРА	"[""154833""]"	ракета-носитель ангара	изделие		[]	False
РАКЕТА-НОСИТЕЛЬ АНГАРА	РАКЕТА-НОСИТЕЛЬ АНГАРА	"[""154833""]"	ракета-носитель ангара	техническое средство		[]	False
РАКЕТА-НОСИТЕЛЬ АНГАРА	РАКЕТА-НОСИТЕЛЬ АНГАРА	"[""154833""]"	ракета-носитель ангара	транспортное средство	транспортное средство	"[""169""]"	True
РАКЕТА-НОСИТЕЛЬ АНГАРА	РАКЕТА-НОСИТЕЛЬ АНГАРА	"[""154833""]"	ракета-носитель ангара	летательный аппарат	летательный аппарат	"[""211""]"	True
РАКЕТА-НОСИТЕЛЬ АНГАРА	РАКЕТА-НОСИТЕЛЬ АНГАРА	"[""154833""]"	ракета-носитель ангара	воздушно-космический летательный аппарат	воздушно космический летательный аппарат	"[""165643""]"	True
РАКЕТА-НОСИТЕЛЬ АНГАРА	РАКЕТА-НОСИТЕЛЬ АНГАРА	"[""154833""]"	ракета-носитель ангара	космическое средство		[]	False
РАКЕТА-НОСИТЕЛЬ АНГАРА	РАКЕТА-НОСИТЕЛЬ АНГАРА	"[""154833""]"	ракета-носитель ангара	средство выведения	средство выведение	"[""171124""]"	True
РАКЕТА-НОСИТЕЛЬ АНГАРА	РАКЕТА-НОСИТЕЛЬ АНГАРА	"[""154833""]"	ракета-носитель ангара	ракета-носитель	ракета-носитель	"[""6783""]"	True
КОСМОС	КОСМОС	"[""954""]"	космос	объект		[]	False
КОСМОС	КОСМОС	"[""954""]"	космос	сущность		[]	False
КОСМОС	КОСМОС	"[""954""]"	космос	явление		[]	False
КОСМОС	КОСМОС	"[""954""]"	космос	мир		[]	False
КОСМОС	КОСМОС	"[""954""]"	космос	пространство	пространство	"[""106610""]"	True
КОСМОС	КОСМОС	"[""954""]"	космос	среда		[]	False
КОСМОС	КОСМОС	"[""954""]"	космос	Вселенная		[]	False
КОСМОС	КОСМОС	"[""954""]"	космос	мироздание		[]	False
КОСМОС	КОСМОС	"[""954""]"	космос	космическое пространство	космическое пространство	"[""954""]"	True
ВЕРТОЛЕТ МИ-17В-5	ВЕРТОЛЕТ МИ-17В-5	"[""173443""]"	вертолет ми 17в 5	объект		[]	False
ВЕРТОЛЕТ МИ-17В-5	ВЕРТОЛЕТ МИ-17В-5	"[""173443""]"	вертолет ми 17в 5	изделие		[]	False
ВЕРТОЛЕТ МИ-17В-5	ВЕРТОЛЕТ МИ-17В-5	"[""173443""]"	вертолет ми 17в 5	техника		[]	False
ВЕРТОЛЕТ МИ-17В-5	ВЕРТОЛЕТ МИ-17В-5	"[""173443""]"	вертолет ми 17в 5	транспорт		[]	False
ВЕРТОЛЕТ МИ-17В-5	ВЕРТОЛЕТ МИ-17В-5	"[""173443""]"	вертолет ми 17в 5	транспортное средство	транспортное средство	"[""169""]"	True
ВЕРТОЛЕТ МИ-17В-5	ВЕРТОЛЕТ МИ-17В-5	"[""173443""]"	вертолет ми 17в 5	летательный аппарат	летательный аппарат	"[""211""]"	True
ВЕРТОЛЕТ МИ-17В-5	ВЕРТОЛЕТ МИ-17В-5	"[""173443""]"	вертолет ми 17в 5	воздушное судно	воздушный судно	"[""142555""]"	True
ВЕРТОЛЕТ МИ-17В-5	ВЕРТОЛЕТ МИ-17В-5	"[""173443""]"	вертолет ми 17в 5	воздушное транспортное средство	воздушный транспортный средство	"[""8728""]"	True
ВЕРТОЛЕТ МИ-17В-5	ВЕРТОЛЕТ МИ-17В-5	"[""173443""]"	вертолет ми 17в 5	винтокрылый летательный аппарат	винтокрылый летательный аппарат	"[""166463""]"	True
ВЕРТОЛЕТ МИ-17В-5	ВЕРТОЛЕТ МИ-17В-5	"[""173443""]"	вертолет ми 17в 5	вертолет	вертолет	"[""213""]"	True
ВЕРТОЛЕТ МИ-17В-5	ВЕРТОЛЕТ МИ-17В-5	"[""173443""]"	вертолет ми 17в 5	многоцелевой вертолет		[]	False
ВЕРТОЛЕТ МИ-17В-5	ВЕРТОЛЕТ МИ-17В-5	"[""173443""]"	вертолет ми 17в 5	транспортный вертолет		[]	False
ИСТРЕБИТЕЛЬ СУ-30СМ	ИСТРЕБИТЕЛЬ СУ-30СМ	"[""172356""]"	истребитель су-30см	объект		[]	False
ИСТРЕБИТЕЛЬ СУ-30СМ	ИСТРЕБИТЕЛЬ СУ-30СМ	"[""172356""]"	истребитель су-30см	изделие		[]	False
ИСТРЕБИТЕЛЬ СУ-30СМ	ИСТРЕБИТЕЛЬ СУ-30СМ	"[""172356""]"	истребитель су-30см	техника		[]	False
ИСТРЕБИТЕЛЬ СУ-30СМ	ИСТРЕБИТЕЛЬ СУ-30СМ	"[""172356""]"	истребитель су-30см	военная техника		[]	False
ИСТРЕБИТЕЛЬ СУ-30СМ	ИСТРЕБИТЕЛЬ СУ-30СМ	"[""172356""]"	истребитель су-30см	авиационная техника	авиационная техника	"[""137876""]"	True
ИСТРЕБИТЕЛЬ СУ-30СМ	ИСТРЕБИТЕЛЬ СУ-30СМ	"[""172356""]"	истребитель су-30см	летательный аппарат	летательный аппарат	"[""211""]"	True
ИСТРЕБИТЕЛЬ СУ-30СМ	ИСТРЕБИТЕЛЬ СУ-30СМ	"[""172356""]"	истребитель су-30см	воздушное судно	воздушный судно	"[""142555""]"	True
ИСТРЕБИТЕЛЬ СУ-30СМ	ИСТРЕБИТЕЛЬ СУ-30СМ	"[""172356""]"	истребитель су-30см	самолет	самолет	"[""212""]"	True
ИСТРЕБИТЕЛЬ СУ-30СМ	ИСТРЕБИТЕЛЬ СУ-30СМ	"[""172356""]"	истребитель су-30см	военный самолет	военный самолет	"[""779""]"	True
ИСТРЕБИТЕЛЬ СУ-30СМ	ИСТРЕБИТЕЛЬ СУ-30СМ	"[""172356""]"	истребитель су-30см	боевой самолет	боевой самолет	"[""112160""]"	True
ИСТРЕБИТЕЛЬ СУ-30СМ	ИСТРЕБИТЕЛЬ СУ-30СМ	"[""172356""]"	истребитель су-30см	военный летательный аппарат		[]	False
ИСТРЕБИТЕЛЬ СУ-30СМ	ИСТРЕБИТЕЛЬ СУ-30СМ	"[""172356""]"	истребитель су-30см	пилотируемый летательный аппарат	пилотируемый летательный аппарат	"[""8728""]"	True
ИСТРЕБИТЕЛЬ СУ-30СМ	ИСТРЕБИТЕЛЬ СУ-30СМ	"[""172356""]"	истребитель су-30см	реактивный самолет	реактивный самолет	"[""214""]"	True
ИСТРЕБИТЕЛЬ СУ-30СМ	ИСТРЕБИТЕЛЬ СУ-30СМ	"[""172356""]"	истребитель су-30см	истребитель	истребитель	"[""7965""]"	True
ИСТРЕБИТЕЛЬ СУ-30СМ	ИСТРЕБИТЕЛЬ СУ-30СМ	"[""172356""]"	истребитель су-30см	многоцелевой истребитель	многоцелевой истребитель	"[""133538""]"	True
СПУСКАЕМЫЙ КОСМИЧЕСКИЙ АППАРАТ	СПУСКАЕМЫЙ КОСМИЧЕСКИЙ АППАРАТ	"[""153414""]"	спускаемый космический аппарат	объект		[]	False
СПУСКАЕМЫЙ КОСМИЧЕСКИЙ АППАРАТ	СПУСКАЕМЫЙ КОСМИЧЕСКИЙ АППАРАТ	"[""153414""]"	спускаемый космический аппарат	изделие		[]	False
СПУСКАЕМЫЙ КОСМИЧЕСКИЙ АППАРАТ	СПУСКАЕМЫЙ КОСМИЧЕСКИЙ АППАРАТ	"[""153414""]"	спускаемый космический аппарат	техническое устройство	техническое устройство	"[""106555""]"	True
СПУСКАЕМЫЙ КОСМИЧЕСКИЙ АППАРАТ	СПУСКАЕМЫЙ КОСМИЧЕСКИЙ АППАРАТ	"[""153414""]"	спускаемый космический аппарат	аппарат		[]	False
СПУСКАЕМЫЙ КОСМИЧЕСКИЙ АППАРАТ	СПУСКАЕМЫЙ КОСМИЧЕСКИЙ АППАРАТ	"[""153414""]"	спускаемый космический аппарат	транспортное средство	транспортное средство	"[""169""]"	True
СПУСКАЕМЫЙ КОСМИЧЕСКИЙ АППАРАТ	СПУСКАЕМЫЙ КОСМИЧЕСКИЙ АППАРАТ	"[""153414""]"	спускаемый космический аппарат	космическая техника	космическая техника	"[""956""]"	True
СПУСКАЕМЫЙ КОСМИЧЕСКИЙ АППАРАТ	СПУСКАЕМЫЙ КОСМИЧЕСКИЙ АППАРАТ	"[""153414""]"	спускаемый космический аппарат	космический аппарат	космический аппарат	"[""1023""]"	True
СПУСКАЕМЫЙ КОСМИЧЕСКИЙ АППАРАТ	СПУСКАЕМЫЙ КОСМИЧЕСКИЙ АППАРАТ	"[""153414""]"	спускаемый космический аппарат	летательный аппарат	летательный аппарат	"[""211""]"	True
СПУСКАЕМЫЙ КОСМИЧЕСКИЙ АППАРАТ	СПУСКАЕМЫЙ КОСМИЧЕСКИЙ АППАРАТ	"[""153414""]"	спускаемый космический аппарат	пилотируемый космический аппарат	пилотируемый космический аппарат	"[""8250""]"	True
МОНОПЛАН	МОНОПЛАН	"[""113492""]"	моноплан	объект		[]	False
МОНОПЛАН	МОНОПЛАН	"[""113492""]"	моноплан	предмет		[]	False
МОНОПЛАН	МОНОПЛАН	"[""113492""]"	моноплан	артефакт		[]	False
МОНОПЛАН	МОНОПЛАН	"[""113492""]"	моноплан	транспортное средство	транспортное средство	"[""169""]"	True
МОНОПЛАН	МОНОПЛАН	"[""113492""]"	моноплан	средство передвижения		[]	False
МОНОПЛАН	МОНОПЛАН	"[""113492""]"	моноплан	летательный аппарат	летательный аппарат	"[""211""]"	True
МОНОПЛАН	МОНОПЛАН	"[""113492""]"	моноплан	воздушное судно	воздушный судно	"[""142555""]"	True
МОНОПЛАН	МОНОПЛАН	"[""113492""]"	моноплан	самолет	самолет	"[""212""]"	True
СОЗВЕЗДИЕ ЗОДИАКА	СОЗВЕЗДИЕ ЗОДИАКА	"[""125315""]"	созвездие зодиака	объект		[]	False
СОЗВЕЗДИЕ ЗОДИАКА	СОЗВЕЗДИЕ ЗОДИАКА	"[""125315""]"	созвездие зодиака	сущность		[]	False
СОЗВЕЗДИЕ ЗОДИАКА	СОЗВЕЗДИЕ ЗОДИАКА	"[""125315""]"	созвездие зодиака	небесный объект		[]	False
СОЗВЕЗДИЕ ЗОДИАКА	СОЗВЕЗДИЕ ЗОДИАКА	"[""125315""]"	созвездие зодиака	астрономический объект		[]	False
СОЗВЕЗДИЕ ЗОДИАКА	СОЗВЕЗДИЕ ЗОДИАКА	"[""125315""]"	созвездие зодиака	область неба		[]	False
СОЗВЕЗДИЕ ЗОДИАКА	СОЗВЕЗДИЕ ЗОДИАКА	"[""125315""]"	созвездие зодиака	созвездие	созвездие	"[""125313""]"	True
СПУТНИКОВЫЙ ТЕЛЕФОН	СПУТНИКОВЫЙ ТЕЛЕФОН	"[""132370""]"	спутниковый телефон	объект		[]	False
СПУТНИКОВЫЙ ТЕЛЕФОН	СПУТНИКОВЫЙ ТЕЛЕФОН	"[""132370""]"	спутниковый телефон	изделие		[]	False
СПУТНИКОВЫЙ ТЕЛЕФОН	СПУТНИКОВЫЙ ТЕЛЕФОН	"[""132370""]"	спутниковый телефон	устройство		[]	False
СПУТНИКОВЫЙ ТЕЛЕФОН	СПУТНИКОВЫЙ ТЕЛЕФОН	"[""132370""]"	спутниковый телефон	техническое средство		[]	False
СПУТНИКОВЫЙ ТЕЛЕФОН	СПУТНИКОВЫЙ ТЕЛЕФОН	"[""132370""]"	спутниковый телефон	средство связи		[]	False
СПУТНИКОВЫЙ ТЕЛЕФОН	СПУТНИКОВЫЙ ТЕЛЕФОН	"[""132370""]"	спутниковый телефон	средство телекоммуникации		[]	False
СПУТНИКОВЫЙ ТЕЛЕФОН	СПУТНИКОВЫЙ ТЕЛЕФОН	"[""132370""]"	спутниковый телефон	средство радиосвязи		[]	False
СПУТНИКОВЫЙ ТЕЛЕФОН	СПУТНИКОВЫЙ ТЕЛЕФОН	"[""132370""]"	спутниковый телефон	средство спутниковой связи		[]	False
СПУТНИКОВЫЙ ТЕЛЕФОН	СПУТНИКОВЫЙ ТЕЛЕФОН	"[""132370""]"	спутниковый телефон	телефон		[]	False
СПУТНИКОВЫЙ ТЕЛЕФОН	СПУТНИКОВЫЙ ТЕЛЕФОН	"[""132370""]"	спутниковый телефон	телефонный аппарат		[]	False
СПУТНИКОВЫЙ ТЕЛЕФОН	СПУТНИКОВЫЙ ТЕЛЕФОН	"[""132370""]"	спутниковый телефон	мобильный телефон		[]	False
САМОЛЕТ СЕМЕЙСТВА МИГ	САМОЛЕТ СЕМЕЙСТВА МИГ	"[""165378""]"	самолет семейства миг	объект		[]	False
САМОЛЕТ СЕМЕЙСТВА МИГ	САМОЛЕТ СЕМЕЙСТВА МИГ	"[""165378""]"	самолет семейства миг	артефакт		[]	False
САМОЛЕТ СЕМЕЙСТВА МИГ	САМОЛЕТ СЕМЕЙСТВА МИГ	"[""165378""]"	самолет семейства миг	транспортное средство	транспортное средство	"[""169""]"	True
САМОЛЕТ СЕМЕЙСТВА МИГ	САМОЛЕТ СЕМЕЙСТВА МИГ	"[""165378""]"	самолет семейства миг	летательный аппарат	летательный аппарат	"[""211""]"	True
САМОЛЕТ СЕМЕЙСТВА МИГ	САМОЛЕТ СЕМЕЙСТВА МИГ	"[""165378""]"	самолет семейства миг	воздушное судно	воздушный судно	"[""142555""]"	True
САМОЛЕТ СЕМЕЙСТВА МИГ	САМОЛЕТ СЕМЕЙСТВА МИГ	"[""165378""]"	самолет семейства миг	самолет	самолет	"[""212""]"	True
САМОЛЕТ СЕМЕЙСТВА МИГ	САМОЛЕТ СЕМЕЙСТВА МИГ	"[""165378""]"	самолет семейства миг	реактивный самолет	реактивный самолет	"[""214""]"	True
САМОЛЕТ СЕМЕЙСТВА МИГ	САМОЛЕТ СЕМЕЙСТВА МИГ	"[""165378""]"	самолет семейства миг	военный самолет	военный самолет	"[""779""]"	True
САМОЛЕТ СЕМЕЙСТВА МИГ	САМОЛЕТ СЕМЕЙСТВА МИГ	"[""165378""]"	самолет семейства миг	боевой самолет	боевой самолет	"[""112160""]"	True
САМОЛЕТ СЕМЕЙСТВА МИГ	САМОЛЕТ СЕМЕЙСТВА МИГ	"[""165378""]"	самолет семейства миг	военный летательный аппарат		[]	False
САМОЛЕТ СЕМЕЙСТВА МИГ	САМОЛЕТ СЕМЕЙСТВА МИГ	"[""165378""]"	самолет семейства миг	боевой летательный аппарат		[]	False
САМОЛЕТ СЕМЕЙСТВА МИГ	САМОЛЕТ СЕМЕЙСТВА МИГ	"[""165378""]"	самолет семейства миг	самолет-истребитель	самолет-истребитель	"[""7965""]"	True
САМОЛЕТ СЕМЕЙСТВА МИГ	САМОЛЕТ СЕМЕЙСТВА МИГ	"[""165378""]"	самолет семейства миг	истребитель	истребитель	[]	False
АВИАЦИОННАЯ ТЕХНИКА	АВИАЦИОННАЯ ТЕХНИКА	"[""137876""]"	авиационная техника	техника		[]	False
АВИАЦИОННАЯ ТЕХНИКА	АВИАЦИОННАЯ ТЕХНИКА	"[""137876""]"	авиационная техника	транспорт		[]	False
АВИАЦИОННАЯ ТЕХНИКА	АВИАЦИОННАЯ ТЕХНИКА	"[""137876""]"	авиационная техника	транспортное средство	транспортное средство	"[""169""]"	True
АВИАЦИОННАЯ ТЕХНИКА	АВИАЦИОННАЯ ТЕХНИКА	"[""137876""]"	авиационная техника	средство передвижения		[]	False
АВИАЦИОННАЯ ТЕХНИКА	АВИАЦИОННАЯ ТЕХНИКА	"[""137876""]"	авиационная техника	машина		[]	False
АВИАЦИОННАЯ ТЕХНИКА	АВИАЦИОННАЯ ТЕХНИКА	"[""137876""]"	авиационная техника	устройство		[]	False
АВИАЦИОННАЯ ТЕХНИКА	АВИАЦИОННАЯ ТЕХНИКА	"[""137876""]"	авиационная техника	изделие		[]	False
КОСМИЧЕСКИЙ КОРАБЛЬ МНОГОРАЗОВОГО ИСПОЛЬЗОВАНИЯ	КОСМИЧЕСКИЙ КОРАБЛЬ МНОГОРАЗОВОГО ИСПОЛЬЗОВАНИЯ	"[""7384""]"	космический корабль многоразового использования	объект		[]	False
КОСМИЧЕСКИЙ КОРАБЛЬ МНОГОРАЗОВОГО ИСПОЛЬЗОВАНИЯ	КОСМИЧЕСКИЙ КОРАБЛЬ МНОГОРАЗОВОГО ИСПОЛЬЗОВАНИЯ	"[""7384""]"	космический корабль многоразового использования	изделие		[]	False
КОСМИЧЕСКИЙ КОРАБЛЬ МНОГОРАЗОВОГО ИСПОЛЬЗОВАНИЯ	КОСМИЧЕСКИЙ КОРАБЛЬ МНОГОРАЗОВОГО ИСПОЛЬЗОВАНИЯ	"[""7384""]"	космический корабль многоразового использования	техническое средство		[]	False
КОСМИЧЕСКИЙ КОРАБЛЬ МНОГОРАЗОВОГО ИСПОЛЬЗОВАНИЯ	КОСМИЧЕСКИЙ КОРАБЛЬ МНОГОРАЗОВОГО ИСПОЛЬЗОВАНИЯ	"[""7384""]"	космический корабль многоразового использования	транспортное средство	транспортное средство	"[""169""]"	True
КОСМИЧЕСКИЙ КОРАБЛЬ МНОГОРАЗОВОГО ИСПОЛЬЗОВАНИЯ	КОСМИЧЕСКИЙ КОРАБЛЬ МНОГОРАЗОВОГО ИСПОЛЬЗОВАНИЯ	"[""7384""]"	космический корабль многоразового использования	летательный аппарат	летательный аппарат	"[""211""]"	True
КОСМИЧЕСКИЙ КОРАБЛЬ МНОГОРАЗОВОГО ИСПОЛЬЗОВАНИЯ	КОСМИЧЕСКИЙ КОРАБЛЬ МНОГОРАЗОВОГО ИСПОЛЬЗОВАНИЯ	"[""7384""]"	космический корабль многоразового использования	космический летательный аппарат	космический летательный аппарат	"[""1023""]"	True
КОСМИЧЕСКИЙ КОРАБЛЬ МНОГОРАЗОВОГО ИСПОЛЬЗОВАНИЯ	КОСМИЧЕСКИЙ КОРАБЛЬ МНОГОРАЗОВОГО ИСПОЛЬЗОВАНИЯ	"[""7384""]"	космический корабль многоразового использования	космический аппарат	космический аппарат	[]	False
КОСМИЧЕСКИЙ КОРАБЛЬ МНОГОРАЗОВОГО ИСПОЛЬЗОВАНИЯ	КОСМИЧЕСКИЙ КОРАБЛЬ МНОГОРАЗОВОГО ИСПОЛЬЗОВАНИЯ	"[""7384""]"	космический корабль многоразового использования	космический корабль	космический корабль	[]	False
КОСМИЧЕСКИЙ КОРАБЛЬ МНОГОРАЗОВОГО ИСПОЛЬЗОВАНИЯ	КОСМИЧЕСКИЙ КОРАБЛЬ МНОГОРАЗОВОГО ИСПОЛЬЗОВАНИЯ	"[""7384""]"	космический корабль многоразового использования	пилотируемый космический аппарат	пилотируемый космический аппарат	"[""8250""]"	True
НАВИГАЦИОННЫЙ СПУТНИК	НАВИГАЦИОННЫЙ СПУТНИК	"[""137984""]"	навигационный спутник	объект		[]	False
НАВИГАЦИОННЫЙ СПУТНИК	НАВИГАЦИОННЫЙ СПУТНИК	"[""137984""]"	навигационный спутник	предмет		[]	False
НАВИГАЦИОННЫЙ СПУТНИК	НАВИГАЦИОННЫЙ СПУТНИК	"[""137984""]"	навигационный спутник	технический объект		[]	False
НАВИГАЦИОННЫЙ СПУТНИК	НАВИГАЦИОННЫЙ СПУТНИК	"[""137984""]"	навигационный спутник	космический объект	космический объект	"[""132980""]"	True
НАВИГАЦИОННЫЙ СПУТНИК	НАВИГАЦИОННЫЙ СПУТНИК	"[""137984""]"	навигационный спутник	искусственный космический объект		[]	False
НАВИГАЦИОННЫЙ СПУТНИК	НАВИГАЦИОННЫЙ СПУТНИК	"[""137984""]"	навигационный спутник	космический аппарат	космический аппарат	"[""1023""]"	True
НАВИГАЦИОННЫЙ СПУТНИК	НАВИГАЦИОННЫЙ СПУТНИК	"[""137984""]"	навигационный спутник	спутник	спутник	"[""2497"", ""116356""]"	True
НАВИГАЦИОННЫЙ СПУТНИК	НАВИГАЦИОННЫЙ СПУТНИК	"[""137984""]"	навигационный спутник	искусственный спутник	искусственный спутник	[]	False
НАВИГАЦИОННЫЙ СПУТНИК	НАВИГАЦИОННЫЙ СПУТНИК	"[""137984""]"	навигационный спутник	навигационное средство		[]	False
НАВИГАЦИОННЫЙ СПУТНИК	НАВИГАЦИОННЫЙ СПУТНИК	"[""137984""]"	навигационный спутник	средство навигации		[]	False
БПЛА REVOLVER 860	БПЛА REVOLVER 860	"[""172673""]"	бпла revolver 860	объект		[]	False
БПЛА REVOLVER 860	БПЛА REVOLVER 860	"[""172673""]"	бпла revolver 860	изделие		[]	False
БПЛА REVOLVER 860	БПЛА REVOLVER 860	"[""172673""]"	бпла revolver 860	техническое средство		[]	False
БПЛА REVOLVER 860	БПЛА REVOLVER 860	"[""172673""]"	бпла revolver 860	устройство		[]	False
БПЛА REVOLVER 860	БПЛА REVOLVER 860	"[""172673""]"	бпла revolver 860	аппарат		[]	False
БПЛА REVOLVER 860	БПЛА REVOLVER 860	"[""172673""]"	бпла revolver 860	летательный аппарат	летательный аппарат	"[""211""]"	True
БПЛА REVOLVER 860	БПЛА REVOLVER 860	"[""172673""]"	бпла revolver 860	воздушное судно	воздушный судно	"[""142555""]"	True
БПЛА REVOLVER 860	БПЛА REVOLVER 860	"[""172673""]"	бпла revolver 860	беспилотное воздушное судно	беспилотное воздушное судно	"[""167369""]"	True
БПЛА REVOLVER 860	БПЛА REVOLVER 860	"[""172673""]"	бпла revolver 860	беспилотный летательный аппарат	беспилотный летательный аппарат	"[""3881""]"	True
БПЛА REVOLVER 860	БПЛА REVOLVER 860	"[""172673""]"	бпла revolver 860	дрон	дрон	[]	False
БПЛА REVOLVER 860	БПЛА REVOLVER 860	"[""172673""]"	бпла revolver 860	военный дрон	военный дрон	"[""167368""]"	True
БПЛА REVOLVER 860	БПЛА REVOLVER 860	"[""172673""]"	бпла revolver 860	ударный беспилотный летательный аппарат		[]	False
РАКЕТНО-КОСМИЧЕСКАЯ ТЕХНИКА	РАКЕТНО-КОСМИЧЕСКАЯ ТЕХНИКА	"[""6239""]"	ракетно-космическая техника	техника		[]	False
РАКЕТНО-КОСМИЧЕСКАЯ ТЕХНИКА	РАКЕТНО-КОСМИЧЕСКАЯ ТЕХНИКА	"[""6239""]"	ракетно-космическая техника	технические средства		[]	False
РАКЕТНО-КОСМИЧЕСКАЯ ТЕХНИКА	РАКЕТНО-КОСМИЧЕСКАЯ ТЕХНИКА	"[""6239""]"	ракетно-космическая техника	промышленная продукция		[]	False
РАКЕТНО-КОСМИЧЕСКАЯ ТЕХНИКА	РАКЕТНО-КОСМИЧЕСКАЯ ТЕХНИКА	"[""6239""]"	ракетно-космическая техника	продукция		[]	False
РАКЕТНО-КОСМИЧЕСКАЯ ТЕХНИКА	РАКЕТНО-КОСМИЧЕСКАЯ ТЕХНИКА	"[""6239""]"	ракетно-космическая техника	материальные средства		[]	False
САМОЛЕТ EMBRAER C-390 MILLENNIUM	САМОЛЕТ EMBRAER C-390 MILLENNIUM	"[""173007""]"	самолет embraer c-390 millennium	объект		[]	False
САМОЛЕТ EMBRAER C-390 MILLENNIUM	САМОЛЕТ EMBRAER C-390 MILLENNIUM	"[""173007""]"	самолет embraer c-390 millennium	артефакт		[]	False
САМОЛЕТ EMBRAER C-390 MILLENNIUM	САМОЛЕТ EMBRAER C-390 MILLENNIUM	"[""173007""]"	самолет embraer c-390 millennium	техническое средство		[]	False
САМОЛЕТ EMBRAER C-390 MILLENNIUM	САМОЛЕТ EMBRAER C-390 MILLENNIUM	"[""173007""]"	самолет embraer c-390 millennium	транспортное средство	транспортное средство	"[""169""]"	True
САМОЛЕТ EMBRAER C-390 MILLENNIUM	САМОЛЕТ EMBRAER C-390 MILLENNIUM	"[""173007""]"	самолет embraer c-390 millennium	летательный аппарат	летательный аппарат	"[""211""]"	True
САМОЛЕТ EMBRAER C-390 MILLENNIUM	САМОЛЕТ EMBRAER C-390 MILLENNIUM	"[""173007""]"	самолет embraer c-390 millennium	воздушное судно	воздушный судно	"[""142555""]"	True
САМОЛЕТ EMBRAER C-390 MILLENNIUM	САМОЛЕТ EMBRAER C-390 MILLENNIUM	"[""173007""]"	самолет embraer c-390 millennium	самолет	самолет	"[""212""]"	True
САМОЛЕТ EMBRAER C-390 MILLENNIUM	САМОЛЕТ EMBRAER C-390 MILLENNIUM	"[""173007""]"	самолет embraer c-390 millennium	военный самолет	военный самолет	"[""779""]"	True
САМОЛЕТ EMBRAER C-390 MILLENNIUM	САМОЛЕТ EMBRAER C-390 MILLENNIUM	"[""173007""]"	самолет embraer c-390 millennium	военно-транспортный самолет	военно-транспортный самолет	"[""121964""]"	True
САМОЛЕТ EMBRAER C-390 MILLENNIUM	САМОЛЕТ EMBRAER C-390 MILLENNIUM	"[""173007""]"	самолет embraer c-390 millennium	транспортный самолет	транспортный самолет	"[""5924""]"	True
АВИАЦИОННЫЙ ПОЛЕТ	АВИАЦИОННЫЙ ПОЛЕТ	"[""4493""]"	авиационный полет	деятельность		[]	False
АВИАЦИОННЫЙ ПОЛЕТ	АВИАЦИОННЫЙ ПОЛЕТ	"[""4493""]"	авиационный полет	процесс		[]	False
АВИАЦИОННЫЙ ПОЛЕТ	АВИАЦИОННЫЙ ПОЛЕТ	"[""4493""]"	авиационный полет	перемещение		[]	False
АВИАЦИОННЫЙ ПОЛЕТ	АВИАЦИОННЫЙ ПОЛЕТ	"[""4493""]"	авиационный полет	движение		[]	False
АВИАЦИОННЫЙ ПОЛЕТ	АВИАЦИОННЫЙ ПОЛЕТ	"[""4493""]"	авиационный полет	транспортное перемещение		[]	False
АВИАЦИОННЫЙ ПОЛЕТ	АВИАЦИОННЫЙ ПОЛЕТ	"[""4493""]"	авиационный полет	полет		[]	False
АВИАЦИОННЫЙ ПОЛЕТ	АВИАЦИОННЫЙ ПОЛЕТ	"[""4493""]"	авиационный полет	воздушное перемещение		[]	False
АВИАЦИОННЫЙ ПОЛЕТ	АВИАЦИОННЫЙ ПОЛЕТ	"[""4493""]"	авиационный полет	воздушное движение		[]	False
АВИАЦИОННЫЙ ПОЛЕТ	АВИАЦИОННЫЙ ПОЛЕТ	"[""4493""]"	авиационный полет	авиационная деятельность		[]	False
ПАРАБОЛИЧЕСКАЯ АНТЕННА	ПАРАБОЛИЧЕСКАЯ АНТЕННА	"[""137008""]"	параболическая антенна	объект		[]	False
ПАРАБОЛИЧЕСКАЯ АНТЕННА	ПАРАБОЛИЧЕСКАЯ АНТЕННА	"[""137008""]"	параболическая антенна	изделие		[]	False
ПАРАБОЛИЧЕСКАЯ АНТЕННА	ПАРАБОЛИЧЕСКАЯ АНТЕННА	"[""137008""]"	параболическая антенна	устройство		[]	False
ПАРАБОЛИЧЕСКАЯ АНТЕННА	ПАРАБОЛИЧЕСКАЯ АНТЕННА	"[""137008""]"	параболическая антенна	техническое устройство	техническое устройство	"[""106555""]"	True
ПАРАБОЛИЧЕСКАЯ АНТЕННА	ПАРАБОЛИЧЕСКАЯ АНТЕННА	"[""137008""]"	параболическая антенна	радиотехническое устройство		[]	False
ПАРАБОЛИЧЕСКАЯ АНТЕННА	ПАРАБОЛИЧЕСКАЯ АНТЕННА	"[""137008""]"	параболическая антенна	антенна	антенна	"[""3746""]"	True
ПАРАБОЛИЧЕСКАЯ АНТЕННА	ПАРАБОЛИЧЕСКАЯ АНТЕННА	"[""137008""]"	параболическая антенна	направленная антенна		[]	False
ПАРАБОЛИЧЕСКАЯ АНТЕННА	ПАРАБОЛИЧЕСКАЯ АНТЕННА	"[""137008""]"	параболическая антенна	отражательная антенна		[]	False
