word	cand	cand_name	prob
ПРЕДПРИЯТИЕ КОСМИЧЕСКОЙ ОТРАСЛИ	135556	ПРЕДПРИЯТИЕ КОСМИЧЕСКОЙ ОТРАСЛИ	1.000000
ПРЕДПРИЯТИЕ КОСМИЧЕСКОЙ ОТРАСЛИ	57	ПРОМЫШЛЕННОЕ ПРЕДПРИЯТИЕ	0.500000
ИСТРЕБИТЕЛЬ MCDONNEL DOUGLAS F-15A EAGLE	144067	ТАКТИЧЕСКИЙ ИСТРЕБИТЕЛЬ	1.000000
ИСТРЕБИТЕЛЬ MCDONNEL DOUGLAS F-15A EAGLE	168888	ИСТРЕБИТЕЛЬ ЧЕТВЕРТОГО ПОКОЛЕНИЯ	0.500000
ИСТРЕБИТЕЛЬ MCDONNEL DOUGLAS F-15A EAGLE	112160	БОЕВОЙ САМОЛЕТ	0.333333
АЭРОКОСМИЧЕСКАЯ РАЗВЕДКА	3804	АЭРОКОСМИЧЕСКАЯ РАЗВЕДКА	1.000000
АЭРОКОСМИЧЕСКАЯ РАЗВЕДКА	146900	ДИСТАНЦИОННОЕ ЗОНДИРОВАНИЕ	0.500000
БПЛА V-BAT MQ-35A	172657	БПЛА V-BAT MQ-35A	1.000000
БПЛА V-BAT MQ-35A	167373	БЕСПИЛОТНЫЙ РАЗВЕДЫВАТЕЛЬНЫЙ АППАРАТ	0.500000
БПЛА V-BAT MQ-35A	3881	БЕСПИЛОТНЫЙ ЛЕТАТЕЛЬНЫЙ АППАРАТ	0.333333
САМОЛЕТ ИЛ-76	172364	САМОЛЕТ ИЛ-76	1.000000
САМОЛЕТ ИЛ-76	5924	ТРАНСПОРТНЫЙ САМОЛЕТ	0.500000
САМОЛЕТ ИЛ-76	142555	АВИАТРАНСПОРТНОЕ СРЕДСТВО	0.333333
АВИАКОНСТРУКТОР	10260	АВИАКОНСТРУКТОР	1.000000
АВИАКОНСТРУКТОР	2393	ИНЖЕНЕР-КОНСТРУКТОР	0.500000
ВЕРТОЛЕТ МИ-8	172371	ВЕРТОЛЕТ МИ-8	1.000000
ВЕРТОЛЕТ МИ-8	172370	ВЕРТОЛЕТ МИ-38	0.500000
ДРОН ГЕРАНЬ‑4	173154	ДРОН ГЕРАНЬ‑4	1.000000
ДРОН ГЕРАНЬ‑4	167372	УДАРНЫЙ БЕСПИЛОТНИК	0.500000
ДРОН ГЕРАНЬ‑4	3881	БЕСПИЛОТНЫЙ ЛЕТАТЕЛЬНЫЙ АППАРАТ	0.333333
ДРОН ГЕРАНЬ‑4	167671	ДРОН-КАМИКАДЗЕ	0.250000
"РАКЕТА ""СТУГНА-П"""	172837	"РАКЕТА ""СТУГНА-П"""	1.000000
"РАКЕТА ""СТУГНА-П"""	133535	УПРАВЛЯЕМАЯ РАКЕТА	0.500000
САМОЛЕТ АН-12	173505	САМОЛЕТ АН-12	1.000000
САМОЛЕТ АН-12	5924	ТРАНСПОРТНЫЙ САМОЛЕТ	0.500000
САМОЛЕТ АН-12	143513	ТУРБОВИНТОВОЙ САМОЛЕТ	0.333333
САМОЛЕТ АН-12	142555	АВИАТРАНСПОРТНОЕ СРЕДСТВО	0.250000
ИСТРЕБИТЕЛЬ F-16	7965	САМОЛЕТ-ИСТРЕБИТЕЛЬ	1.000000
ИСТРЕБИТЕЛЬ F-16	133538	МНОГОЦЕЛЕВОЙ ИСТРЕБИТЕЛЬ	0.500000
ИСТРЕБИТЕЛЬ F-16	144067	ТАКТИЧЕСКИЙ ИСТРЕБИТЕЛЬ	0.333333
ИСТРЕБИТЕЛЬ F-16	112160	БОЕВОЙ САМОЛЕТ	0.250000
ИСТРЕБИТЕЛЬ F-16	779	ВОЕННЫЙ САМОЛЕТ	0.200000
ИСТРЕБИТЕЛЬ F-16	211	ЛЕТАТЕЛЬНЫЙ АППАРАТ	0.166667
"АО ""КАМОВ"""	165388	"АО ""КАМОВ"""	1.000000
"АО ""КАМОВ"""	128015	АВИАСТРОИТЕЛЬНАЯ КОМПАНИЯ	0.500000
БАЛЛИСТИЧЕСКАЯ РАКЕТА МЕНЬШЕЙ ДАЛЬНОСТИ	5840	БАЛЛИСТИЧЕСКАЯ РАКЕТА	1.000000
БАЛЛИСТИЧЕСКАЯ РАКЕТА МЕНЬШЕЙ ДАЛЬНОСТИ	144065	ТАКТИЧЕСКАЯ РАКЕТА	0.500000
БАЛЛИСТИЧЕСКАЯ РАКЕТА МЕНЬШЕЙ ДАЛЬНОСТИ	133535	УПРАВЛЯЕМАЯ РАКЕТА	0.333333
БАЛЛИСТИЧЕСКАЯ РАКЕТА МЕНЬШЕЙ ДАЛЬНОСТИ	145859	БОЕВАЯ РАКЕТА	0.250000
БАЛЛИСТИЧЕСКАЯ РАКЕТА МЕНЬШЕЙ ДАЛЬНОСТИ	3843	РАКЕТА	0.200000
КИТАЙСКИЙ ИСТРЕБИТЕЛЬ J-10	172885	КИТАЙСКИЙ ИСТРЕБИТЕЛЬ J-10	1.000000
КИТАЙСКИЙ ИСТРЕБИТЕЛЬ J-10	133538	МНОГОЦЕЛЕВОЙ ИСТРЕБИТЕЛЬ	0.500000
КИТАЙСКИЙ ИСТРЕБИТЕЛЬ J-10	144067	ТАКТИЧЕСКИЙ ИСТРЕБИТЕЛЬ	0.333333
КИТАЙСКИЙ ИСТРЕБИТЕЛЬ J-10	779	ВОЕННЫЙ САМОЛЕТ	0.250000
САМОЛЕТ KAWASAKI C-1	173003	САМОЛЕТ KAWASAKI C-1	1.000000
САМОЛЕТ KAWASAKI C-1	5924	ТРАНСПОРТНЫЙ САМОЛЕТ	0.500000
САМОЛЕТ KAWASAKI C-1	779	ВОЕННЫЙ САМОЛЕТ	0.333333
САМОЛЕТ KAWASAKI C-1	212	САМОЛЕТ	0.250000
САМОЛЕТ KAWASAKI C-1	142555	АВИАТРАНСПОРТНОЕ СРЕДСТВО	0.200000
КОСМИЧЕСКИЙ АППАРАТ	1023	КОСМИЧЕСКИЙ АППАРАТ	1.000000
КОСМИЧЕСКИЙ АППАРАТ	169	ТРАНСПОРТНОЕ СРЕДСТВО	0.500000
КРЫЛО САМОЛЕТА	147069	КРЫЛО САМОЛЕТА	1.000000
БУЛАВА (РАКЕТА)	153754	БУЛАВА (РАКЕТА)	1.000000
БУЛАВА (РАКЕТА)	143905	СТРАТЕГИЧЕСКАЯ РАКЕТА	0.500000
БУЛАВА (РАКЕТА)	4124	МЕЖКОНТИНЕНТАЛЬНАЯ БАЛЛИСТИЧЕСКАЯ РАКЕТА	0.333333
FPV-ДРОН	172439	FPV-ДРОН	1.000000
FPV-ДРОН	167369	БЕСПИЛОТНОЕ ВОЗДУШНОЕ СУДНО	0.500000
КОСМИЧЕСКИЙ ПОЛЕТ К ЛУНЕ	4494	КОСМИЧЕСКИЙ ПОЛЕТ	1.000000
КОСМИЧЕСКИЙ ПОЛЕТ К ЛУНЕ	133304	МЕЖПЛАНЕТНЫЙ КОСМИЧЕСКИЙ ПОЛЕТ	0.500000
КОСМИЧЕСКИЙ ПОЛЕТ К ЛУНЕ	144552	ПИЛОТИРУЕМЫЙ КОСМИЧЕСКИЙ ПОЛЕТ	0.333333
ИСТРЕБИТЕЛЬ МИГ-29	165380	ИСТРЕБИТЕЛЬ МИГ-29	1.000000
ИСТРЕБИТЕЛЬ МИГ-29	168888	ИСТРЕБИТЕЛЬ ЧЕТВЕРТОГО ПОКОЛЕНИЯ	0.500000
ИСТРЕБИТЕЛЬ МИГ-29	144067	ТАКТИЧЕСКИЙ ИСТРЕБИТЕЛЬ	0.333333
ИСТРЕБИТЕЛЬ МИГ-29	112160	БОЕВОЙ САМОЛЕТ	0.250000
БОМБАРДИРОВЩИК-РАКЕТОНОСЕЦ ТУ-160	128672	САМОЛЕТ-РАКЕТОНОСЕЦ	1.000000
БОМБАРДИРОВЩИК-РАКЕТОНОСЕЦ ТУ-160	7379	СТРАТЕГИЧЕСКИЙ БОМБАРДИРОВЩИК	0.500000
БОМБАРДИРОВЩИК-РАКЕТОНОСЕЦ ТУ-160	112160	БОЕВОЙ САМОЛЕТ	0.333333
БОМБАРДИРОВЩИК-РАКЕТОНОСЕЦ ТУ-160	779	ВОЕННЫЙ САМОЛЕТ	0.250000
БОМБАРДИРОВЩИК-РАКЕТОНОСЕЦ ТУ-160	211	ЛЕТАТЕЛЬНЫЙ АППАРАТ	0.200000
ПОСАДКА ЛЕТАТЕЛЬНОГО АППАРАТА	153865	ПОСАДКА ЛЕТАТЕЛЬНОГО АППАРАТА	1.000000
ЯКОВЛЕВ-40	129612	ЯКОВЛЕВ-40	1.000000
ЯКОВЛЕВ-40	129610	САМОЛЕТЫ МЕСТНЫХ АВИАЛИНИЙ	0.500000
ЯКОВЛЕВ-40	129632	ГРАЖДАНСКИЙ САМОЛЕТ	0.333333
ЯКОВЛЕВ-40	142555	АВИАТРАНСПОРТНОЕ СРЕДСТВО	0.250000
DASSAULT MIRAGE 2000	168886	DASSAULT MIRAGE 2000	1.000000
DASSAULT MIRAGE 2000	168888	ИСТРЕБИТЕЛЬ ЧЕТВЕРТОГО ПОКОЛЕНИЯ	0.500000
DASSAULT MIRAGE 2000	112160	БОЕВОЙ САМОЛЕТ	0.333333
САМОЛЕТ	212	САМОЛЕТ	1.000000
САМОЛЕТ	142555	АВИАТРАНСПОРТНОЕ СРЕДСТВО	0.500000
САМОЛЕТ	137876	АВИАЦИОННАЯ ТЕХНИКА	0.333333
САМОЛЕТ	169	ТРАНСПОРТНОЕ СРЕДСТВО	0.250000
ИССЛЕДОВАНИЕ ЛУНЫ	140364	ИССЛЕДОВАНИЕ ЛУНЫ	1.000000
ИССЛЕДОВАНИЕ ЛУНЫ	955	КОСМОНАВТИКА	0.500000
ПИЛОТИРУЕМЫЙ КОСМИЧЕСКИЙ КОРАБЛЬ	8250	ПИЛОТИРУЕМЫЙ КОСМИЧЕСКИЙ КОРАБЛЬ	1.000000
ПИЛОТИРУЕМЫЙ КОСМИЧЕСКИЙ КОРАБЛЬ	1023	КОСМИЧЕСКИЙ АППАРАТ	0.500000
ПИЛОТИРУЕМЫЙ КОСМИЧЕСКИЙ КОРАБЛЬ	169	ТРАНСПОРТНОЕ СРЕДСТВО	0.333333
ПИЛОТИРУЕМЫЙ КОСМИЧЕСКИЙ КОРАБЛЬ	211	ЛЕТАТЕЛЬНЫЙ АППАРАТ	0.250000
НЕБЕСНОЕ СВЕТИЛО	123867	НЕБЕСНОЕ СВЕТИЛО	1.000000
НЕБЕСНОЕ СВЕТИЛО	3540	НЕБЕСНОЕ ТЕЛО	0.500000
НЕБЕСНОЕ СВЕТИЛО	132980	КОСМИЧЕСКИЙ ОБЪЕКТ	0.333333
СОЗВЕЗДИЕ ЮЖНОГО ПОЛУШАРИЯ	125313	СОЗВЕЗДИЕ	1.000000
РАЗГОННЫЙ БЛОК	135534	РАЗГОННЫЙ БЛОК	1.000000
РАЗГОННЫЙ БЛОК	1023	КОСМИЧЕСКИЙ АППАРАТ	0.500000
РАЗГОННЫЙ БЛОК	171124	СРЕДСТВА ВЫВЕДЕНИЯ КОСМИЧЕСКИХ ОБЪЕКТОВ	0.333333
СПУТНИК СВЯЗИ	1025	СПУТНИК СВЯЗИ	1.000000
СПУТНИК СВЯЗИ	9894	АВТОМАТИЧЕСКИЙ КОСМИЧЕСКИЙ АППАРАТ	0.500000
РАКЕТА-НОСИТЕЛЬ АНГАРА	6783	РАКЕТА-НОСИТЕЛЬ	1.000000
КОСМОС	954	КОСМОС	1.000000
ВЕРТОЛЕТ МИ-17В-5	173443	ВЕРТОЛЕТ МИ-17В-5	1.000000
ВЕРТОЛЕТ МИ-17В-5	172370	ВЕРТОЛЕТ МИ-38	0.500000
ВЕРТОЛЕТ МИ-17В-5	166463	ВИНТОКРЫЛЫЙ ЛЕТАТЕЛЬНЫЙ АППАРАТ	0.333333
ИСТРЕБИТЕЛЬ СУ-30СМ	172356	ИСТРЕБИТЕЛЬ СУ-30СМ	1.000000
ИСТРЕБИТЕЛЬ СУ-30СМ	144067	ТАКТИЧЕСКИЙ ИСТРЕБИТЕЛЬ	0.500000
ИСТРЕБИТЕЛЬ СУ-30СМ	112160	БОЕВОЙ САМОЛЕТ	0.333333
СПУСКАЕМЫЙ КОСМИЧЕСКИЙ АППАРАТ	153414	СПУСКАЕМЫЙ КОСМИЧЕСКИЙ АППАРАТ	1.000000
СПУСКАЕМЫЙ КОСМИЧЕСКИЙ АППАРАТ	211	ЛЕТАТЕЛЬНЫЙ АППАРАТ	0.500000
СПУСКАЕМЫЙ КОСМИЧЕСКИЙ АППАРАТ	169	ТРАНСПОРТНОЕ СРЕДСТВО	0.333333
МОНОПЛАН	113492	МОНОПЛАН	1.000000
МОНОПЛАН	142555	АВИАТРАНСПОРТНОЕ СРЕДСТВО	0.500000
МОНОПЛАН	137876	АВИАЦИОННАЯ ТЕХНИКА	0.333333
СОЗВЕЗДИЕ ЗОДИАКА	125315	СОЗВЕЗДИЕ ЗОДИАКА	1.000000
СПУТНИКОВЫЙ ТЕЛЕФОН	132370	СПУТНИКОВЫЙ ТЕЛЕФОН	1.000000
САМОЛЕТ СЕМЕЙСТВА МИГ	165378	САМОЛЕТ СЕМЕЙСТВА МИГ	1.000000
САМОЛЕТ СЕМЕЙСТВА МИГ	112160	БОЕВОЙ САМОЛЕТ	0.500000
САМОЛЕТ СЕМЕЙСТВА МИГ	212	САМОЛЕТ	0.333333
САМОЛЕТ СЕМЕЙСТВА МИГ	142555	АВИАТРАНСПОРТНОЕ СРЕДСТВО	0.250000
АВИАЦИОННАЯ ТЕХНИКА	137876	АВИАЦИОННАЯ ТЕХНИКА	1.000000
АВИАЦИОННАЯ ТЕХНИКА	956	КОСМИЧЕСКАЯ ТЕХНИКА	0.500000
АВИАЦИОННАЯ ТЕХНИКА	196	ВОЗДУШНЫЙ ТРАНСПОРТ	0.333333
КОСМИЧЕСКИЙ КОРАБЛЬ МНОГОРАЗОВОГО ИСПОЛЬЗОВАНИЯ	7384	КОСМИЧЕСКИЙ КОРАБЛЬ МНОГОРАЗОВОГО ИСПОЛЬЗОВАНИЯ	1.000000
КОСМИЧЕСКИЙ КОРАБЛЬ МНОГОРАЗОВОГО ИСПОЛЬЗОВАНИЯ	8250	ПИЛОТИРУЕМЫЙ КОСМИЧЕСКИЙ КОРАБЛЬ	0.500000
КОСМИЧЕСКИЙ КОРАБЛЬ МНОГОРАЗОВОГО ИСПОЛЬЗОВАНИЯ	171124	СРЕДСТВА ВЫВЕДЕНИЯ КОСМИЧЕСКИХ ОБЪЕКТОВ	0.333333
НАВИГАЦИОННЫЙ СПУТНИК	137984	НАВИГАЦИОННЫЙ СПУТНИК	1.000000
НАВИГАЦИОННЫЙ СПУТНИК	1023	КОСМИЧЕСКИЙ АППАРАТ	0.500000
НАВИГАЦИОННЫЙ СПУТНИК	9894	АВТОМАТИЧЕСКИЙ КОСМИЧЕСКИЙ АППАРАТ	0.333333
БПЛА REVOLVER 860	172673	БПЛА REVOLVER 860	1.000000
БПЛА REVOLVER 860	167372	УДАРНЫЙ БЕСПИЛОТНИК	0.500000
БПЛА REVOLVER 860	3881	БЕСПИЛОТНЫЙ ЛЕТАТЕЛЬНЫЙ АППАРАТ	0.333333
БПЛА REVOLVER 860	211	ЛЕТАТЕЛЬНЫЙ АППАРАТ	0.250000
САМОЛЕТ EMBRAER C-390 MILLENNIUM	121964	ВОЕННО-ТРАНСПОРТНЫЙ САМОЛЕТ	1.000000
САМОЛЕТ EMBRAER C-390 MILLENNIUM	5924	ТРАНСПОРТНЫЙ САМОЛЕТ	0.500000
САМОЛЕТ EMBRAER C-390 MILLENNIUM	779	ВОЕННЫЙ САМОЛЕТ	0.333333
САМОЛЕТ EMBRAER C-390 MILLENNIUM	214	РЕАКТИВНЫЙ САМОЛЕТ	0.250000
АВИАЦИОННЫЙ ПОЛЕТ	4493	АВИАЦИОННЫЙ ПОЛЕТ	1.000000
ПАРАБОЛИЧЕСКАЯ АНТЕННА	137008	ПАРАБОЛИЧЕСКАЯ АНТЕННА	1.000000
ПАРАБОЛИЧЕСКАЯ АНТЕННА	3746	АНТЕННА	0.500000
