conceptid	conceptstr	gold_size	gold_ids
19	АСТРОНОМИЯ	2	["112189", "137619"]
211	ЛЕТАТЕЛЬНЫЙ АППАРАТ	1	["106555"]
212	САМОЛЕТ	2	["137876", "142555"]
213	ВЕРТОЛЕТ	3	["8728", "142555", "166463"]
214	РЕАКТИВНЫЙ САМОЛЕТ	1	["212"]
215	СВЕРХЗВУКОВОЙ САМОЛЕТ	1	["214"]
458	АВИАЦИОННАЯ ПРОМЫШЛЕННОСТЬ	1	["5357"]
779	ВОЕННЫЙ САМОЛЕТ	2	["212", "9416"]
954	КОСМОС	1	["106610"]
955	КОСМОНАВТИКА	1	["106562"]
956	КОСМИЧЕСКАЯ ТЕХНИКА	1	["106555"]
1022	СПУТНИКОВАЯ СВЯЗЬ	1	["143535"]
1023	КОСМИЧЕСКИЙ АППАРАТ	2	["211", "956"]
1024	ОРБИТАЛЬНАЯ СТАНЦИЯ	2	["2497", "116359"]
1025	СПУТНИК СВЯЗИ	1	["2497"]
1692	КРЫЛАТАЯ РАКЕТА	2	["133535", "145859"]
2497	ИСКУССТВЕННЫЙ СПУТНИК ЗЕМЛИ	1	["1023"]
2900	РАКЕТНЫЙ ДВИГАТЕЛЬ	1	["8301"]
3460	КОСМИЧЕСКАЯ СЛУЖБА	1	["106571"]
3461	КОСМОНАВТ	1	["2550"]
3540	НЕБЕСНОЕ ТЕЛО	1	["132980"]
3660	ПЛАНЕТА	1	["3540"]
3803	КОСМИЧЕСКАЯ ПРОМЫШЛЕННОСТЬ	3	["50", "7127", "171747"]
3804	АЭРОКОСМИЧЕСКАЯ РАЗВЕДКА	2	["2602", "4083"]
3843	РАКЕТА	1	["211"]
3881	БЕСПИЛОТНЫЙ ЛЕТАТЕЛЬНЫЙ АППАРАТ	2	["211", "168149"]
4083	КОСМИЧЕСКАЯ СЪЕМКА	1	["5431"]
4124	МЕЖКОНТИНЕНТАЛЬНАЯ БАЛЛИСТИЧЕСКАЯ РАКЕТА	3	["5840", "7408", "143905"]
4150	АВИАЦИОННОЕ ОБОРУДОВАНИЕ	2	["1320", "143441"]
4200	КОСМОДРОМ	1	["2525"]
4239	ВОЕННО-КОСМИЧЕСКИЕ СИЛЫ	2	["113365", "135192"]
4343	АЭРОСЪЕМКА	2	["5189", "5431"]
4346	АВИАЦИОННОЕ ТОПЛИВО	1	["145"]
4493	АВИАЦИОННЫЙ ПОЛЕТ	1	["107445"]
4494	КОСМИЧЕСКИЙ ПОЛЕТ	1	["107445"]
4499	АЭРОФОТОСЪЕМОЧНЫЙ МАТЕРИАЛ	1	["111644"]
4512	ВЗЛЕТНО-ПОСАДОЧНАЯ ПОЛОСА	1	["107510"]
4914	АЭРОНАВИГАЦИЯ	1	["234"]
5072	АСТРОНОМИЧЕСКАЯ ОБСЕРВАТОРИЯ	1	["148518"]
5220	КОСМИЧЕСКАЯ ЭНЕРГЕТИКА	1	["1"]
5317	БОРТИНЖЕНЕР	1	["591"]
5318	БОРТПРОВОДНИК	1	["129838"]
5411	АЭРОНАВИГАЦИОННОЕ ОБОРУДОВАНИЕ	2	["4150", "5383"]
5431	АЭРОКОСМОСЪЕМОЧНЫЕ РАБОТЫ	1	["4344"]
5559	КОСМИЧЕСКИЙ ЭКИПАЖ	1	["2128"]
5634	ВЫНУЖДЕННАЯ ПОСАДКА	2	["4151", "153865"]
5840	БАЛЛИСТИЧЕСКАЯ РАКЕТА	2	["133535", "145859"]
5924	ТРАНСПОРТНЫЙ САМОЛЕТ	2	["212", "144363"]
5942	АВИАЦИОННЫЙ ЗАВОД	1	["121655"]
5962	АСТРОФИЗИКА	2	["19", "856"]
6007	РАДИОАСТРОНОМИЯ	1	["19"]
6009	КОСМИЧЕСКОЕ ИЗЛУЧЕНИЕ	2	["2997", "133260"]
6239	РАКЕТНО-КОСМИЧЕСКАЯ ТЕХНИКА	1	["956"]
6294	ЭКИПАЖ ЛЕТАТЕЛЬНОГО АППАРАТА	2	["2128", "129838"]
6683	МЕЖДУНАРОДНОЕ КОСМИЧЕСКОЕ ПРАВО	1	["1109"]
6783	РАКЕТА-НОСИТЕЛЬ	4	["5840", "6239", "139894", "171124"]
6967	ГЕОСТАЦИОНАРНАЯ ОРБИТА	2	["122048", "148970"]
7378	БОМБАРДИРОВЩИК	1	["112160"]
7379	СТРАТЕГИЧЕСКИЙ БОМБАРДИРОВЩИК	2	["7378", "143906"]
7381	БАЛЛИСТИЧЕСКАЯ РАКЕТА МОРСКОГО БАЗИРОВАНИЯ	1	["5840"]
7382	БАЛЛИСТИЧЕСКАЯ РАКЕТА СРЕДНЕЙ ДАЛЬНОСТИ	1	["5840"]
7383	БАЛЛИСТИЧЕСКАЯ РАКЕТА ВОЗДУШНОГО БАЗИРОВАНИЯ	2	["5840", "153822"]
7384	КОСМИЧЕСКИЙ КОРАБЛЬ МНОГОРАЗОВОГО ИСПОЛЬЗОВАНИЯ	2	["1023", "8250"]
7406	РАКЕТА-ПЕРЕХВАТЧИК	1	["133535"]
7408	РАКЕТА С ЯДЕРНЫМИ БОЕГОЛОВКАМИ	2	["1657", "5840"]
7479	КОСМИЧЕСКИЕ ВООРУЖЕНИЯ	1	["1196"]
7480	ПРОТИВОСПУТНИКОВОЕ ОРУЖИЕ	1	["7479"]
7535	ДИСТАНЦИОННОЕ ЗОНДИРОВАНИЕ ЗЕМЛИ	1	["146900"]
7633	ЛЕТЧИК-КОСМОНАВТ	2	["120", "3461"]
7820	БАЛЛИСТИЧЕСКАЯ РАКЕТА МЕНЬШЕЙ ДАЛЬНОСТИ	1	["5840"]
7873	НЕБЕСНАЯ МЕХАНИКА	1	["19"]
8110	ЛЕТНО-ТЕХНИЧЕСКИЕ ХАРАКТЕРИСТИКИ	1	["6872"]
8122	ИСТРЕБИТЕЛЬ-БОМБАРДИРОВЩИК	2	["7378", "7965"]
8192	МЕТЕОРИТ	1	["3540"]
8250	ПИЛОТИРУЕМЫЙ КОСМИЧЕСКИЙ КОРАБЛЬ	2	["1023", "8728"]
8362	БОЕВОЙ ВЫЛЕТ	1	["4493"]
8363	БАЛЛИСТИЧЕСКАЯ РАКЕТА НАЗЕМНОГО БАЗИРОВАНИЯ	1	["5840"]
8421	ТУРБОВИНТОВОЙ ДВИГАТЕЛЬ	2	["8936", "143511"]
8559	СОЛНЕЧНАЯ СИСТЕМА	1	["143168"]
8566	ПИЛОТИРУЕМАЯ КОСМОНАВТИКА	1	["955"]
8620	ГАЛАКТИКА	1	["125338"]
8622	БОРТМЕХАНИК	1	["110149"]
8632	АВИАЦИОННЫЙ АНГАР	1	["6690"]
8659	ГРАЖДАНСКОЕ ВОЗДУШНОЕ СУДНО	1	["8728"]
8728	ПИЛОТИРУЕМЫЙ ЛЕТАТЕЛЬНЫЙ АППАРАТ	2	["169", "211"]
8749	СОЛНЦЕ	2	["3540", "109931"]
8936	АВИАЦИОННЫЙ ДВИГАТЕЛЬ	2	["2100", "143441"]
8937	АВИАЦИОННОЕ ДВИГАТЕЛЕСТРОЕНИЕ	1	["5080"]
9210	АВИАЦИОННОЕ МАСЛО	1	["114016"]
9341	СТРАТОСФЕРА	1	["152745"]
9342	ЛУНА	1	["116356"]
9480	ДИРИЖАБЛЬ	1	["9479"]
9479	АЭРОСТАТ	1	["145667"]
9625	ГИДРОСАМОЛЕТ	1	["212"]
9664	ЛУНОХОД	1	["1023"]
9707	КОСМИЧЕСКАЯ ПЫЛЬ	1	["820"]
9894	АВТОМАТИЧЕСКИЙ КОСМИЧЕСКИЙ АППАРАТ	2	["1023", "168149"]
10219	МЕТЕОРОЛОГИЧЕСКИЙ СПУТНИК	2	["2497", "10046"]
10233	АЭРОНАВИГАЦИОННЫЕ ПРАВИЛА	1	["106450"]
10241	АСТРОНОМ	1	["21"]
10260	АВИАКОНСТРУКТОР	2	["2393", "134744"]
109402	ФЮЗЕЛЯЖ	2	["107072", "143441"]
109931	ЗВЕЗДА (НЕБЕСНОЕ ТЕЛО)	1	["123867"]
109938	КОМЕТА (НЕБЕСНОЕ ТЕЛО)	1	["3540"]
109939	АСТЕРОИД	1	["3540"]
110524	ИЛЛЮМИНАТОР	3	["107086", "142763", "143441"]
110545	СТРАТОСТАТ	1	["9479"]
110665	ПЛАНЕР	2	["138661", "145667"]
110927	ВОЗДУШНЫЙ ШАР (АЭРОСТАТ)	2	["9479", "109575"]
111517	КРЫЛО ЛЕТАТЕЛЬНОГО АППАРАТА	2	["107313", "143441"]
111687	ДЕЛЬТАПЛАН	2	["110665", "165167"]
111719	ПИЛОТИРОВАНИЕ	1	["106614"]
111945	АЭРОБУС	2	["214", "128011"]
112160	БОЕВОЙ САМОЛЕТ	1	["779"]
112342	ПРИЗЕМЛИТЬ, ПОСАДИТЬ НА ЗЕМЛЮ	1	["108824"]
112343	ПРИЗЕМЛИТЬСЯ	2	["111085", "153865"]
112344	ПРИВОДНЕНИЕ	1	["153865"]
113385	АЗИМУТ	1	["111752"]
113492	МОНОПЛАН	1	["212"]
115572	ЧЕРНАЯ ДЫРА	1	["132980"]
115619	ШАССИ ЛЕТАТЕЛЬНОГО АППАРАТА	2	["106555", "143441"]
115767	АВИАМОДЕЛЬ	1	["106526"]
116183	ПИКИРОВАНИЕ САМОЛЕТА	2	["111719", "115151"]
116247	ЗАВИСАНИЕ В ВОЗДУХЕ	2	["106615", "117816"]
116356	СПУТНИК (НЕБЕСНОЕ ТЕЛО)	1	["3540"]
116359	КОСМИЧЕСКАЯ СТАНЦИЯ	1	["1023"]
120702	КАТАПУЛЬТИРОВАНИЕ ЭКИПАЖА	1	["117148"]
121964	ВОЕННО-ТРАНСПОРТНЫЙ САМОЛЕТ	2	["779", "5924"]
122048	КОСМИЧЕСКАЯ ОРБИТА	1	["116178"]
122124	САМОЛЕТ, СОЗДАННЫЙ В РФ	2	["212", "122125"]
122126	ИСТРЕБИТЕЛЬ-ПЕРЕХВАТЧИК	2	["7965", "165153"]
123867	НЕБЕСНОЕ СВЕТИЛО	1	["3540"]
124277	ТУМАННОСТЬ (КОСМИЧЕСКИЙ ОБЪЕКТ)	1	["125338"]
124563	НЕОПОЗНАННЫЙ ЛЕТАЮЩИЙ ОБЪЕКТ	2	["211", "143955"]
124565	ЛЕТАЮЩАЯ ТАРЕЛКА	2	["8250", "124563"]
125045	АПОГЕЙ ОРБИТЫ	1	["148968"]
125046	ПЕРИГЕЙ ОРБИТЫ	1	["148968"]
125313	СОЗВЕЗДИЕ	1	["132980"]
125315	СОЗВЕЗДИЕ ЗОДИАКА	1	["125313"]
125327	СОЗВЕЗДИЕ СЕВЕРНОГО ПОЛУШАРИЯ	1	["125313"]
125328	СОЗВЕЗДИЕ ЮЖНОГО ПОЛУШАРИЯ	1	["125313"]
125329	ЭКВАТОРИАЛЬНОЕ СОЗВЕЗДИЕ	1	["125313"]
125338	СКОПЛЕНИЕ ЗВЕЗД	2	["112324", "132980"]
125340	ТУМАННОСТЬ АНДРОМЕДЫ	1	["124277"]
125367	БЕСПОСАДОЧНЫЙ ПОЛЕТ	1	["4493"]
125411	БИПЛАН (САМОЛЕТ)	1	["212"]
125430	БОРТЖУРНАЛ	1	["125429"]
125434	ВОЗДУШНЫЙ ПИЛОТАЖ	2	["111719", "132109"]
125436	ФИГУРА ВЫСШЕГО ПИЛОТАЖА	2	["125435", "154265"]
125893	ВЫСОТОМЕР	2	["3648", "114096"]
126290	ВОЗДУШНЫЙ ЗМЕЙ	1	["145667"]
126672	МАРШЕВЫЙ ДВИГАТЕЛЬ	2	["2900", "8301"]
126715	МЕРТВАЯ ПЕТЛЯ	1	["125436"]
126928	АТМОСФЕРНЫЙ ЗОНД	2	["10046", "110927"]
127128	СОСТОЯНИЕ НЕВЕСОМОСТИ	1	["126008"]
127367	СПУТНИКИ ЮПИТЕРА	1	["116356"]
127368	ИО	1	["127367"]
127369	ЕВРОПА (СПУТНИК ЮПИТЕРА)	1	["127367"]
127370	ГАНИМЕД (СПУТНИК ЮПИТЕРА)	1	["127367"]
127371	КАЛЛИСТО (СПУТНИК ЮПИТЕРА)	1	["127367"]
127536	ПИКИРУЮЩИЙ БОМБАРДИРОВЩИК	1	["7378"]
128004	СВЕРХНОВАЯ ЗВЕЗДА	1	["109931"]
128005	КОСМИЧЕСКОЕ ЯВЛЕНИЕ	1	["111"]
128006	ОБРАЗОВАНИЕ СВЕРХНОВОЙ ЗВЕЗДЫ	2	["106477", "128005"]
128011	ПАССАЖИРСКИЙ САМОЛЕТ	2	["129632", "144362"]
128012	САМОЛЕТЫ КОНКРЕТНЫХ ТИПОВ	1	["212"]
128013	САМОЛЕТЫ ФИРМЫ БОИНГ	1	["128012"]
128015	АВИАСТРОИТЕЛЬНАЯ КОМПАНИЯ	1	["847"]
128346	ИНОПЛАНЕТЯНИН, ЖИТЕЛЬ ДРУГОЙ ПЛАНЕТЫ	1	["125035"]
128455	ПУЛЬСАР	1	["132980"]
128531	ШТОПОР (ПАДЕНИЕ)	2	["107447", "125436"]
128537	МЕЖДУНАРОДНАЯ КОСМИЧЕСКАЯ СТАНЦИЯ	1	["1024"]
128672	САМОЛЕТ-РАКЕТОНОСЕЦ	2	["779", "145346"]
129598	САМОЛЕТЫ СИСТЕМЫ ТУПОЛЕВА	2	["122124", "128012"]
129599	ТУПОЛЕВ-154	3	["128011", "129598", "129601"]
129600	ТУПОЛЕВ-204	3	["128011", "129598", "129601"]
129601	СРЕДНЕМАГИСТРАЛЬНЫЙ САМОЛЕТ	1	["212"]
129602	БЛИЖНЕМАГИСТРАЛЬНЫЙ САМОЛЕТ	1	["212"]
129603	ТУПОЛЕВ-134	3	["128011", "129598", "129602"]
129604	ТУПОЛЕВ-334	3	["128011", "129598", "129602"]
129605	ЯКОВЛЕВ-42	3	["128011", "129602", "129606"]
129606	САМОЛЕТЫ СИСТЕМЫ ЯКОВЛЕВА	2	["122124", "128012"]
129607	САМОЛЕТЫ СИСТЕМЫ ИЛЬЮШИНА	2	["122124", "128012"]
129609	САМОЛЕТЫ СИСТЕМЫ АНТОНОВА	1	["128012"]
129610	САМОЛЕТЫ МЕСТНЫХ АВИАЛИНИЙ	2	["212", "122124"]
129611	АНТОНОВ-24	3	["128011", "129609", "129610"]
129612	ЯКОВЛЕВ-40	3	["128011", "129606", "129610"]
129614	АНТОНОВ-140	3	["128011", "129609", "129610"]
129616	АВИАЦИОННОЕ КОНСТРУКТОРСКОЕ БЮРО	1	["2398"]
129620	ИЛЬЮШИН-86	2	["128011", "129607"]
129621	ИЛЬЮШИН-96	2	["128011", "129607"]
129622	ИЛЬЮШИН-62	3	["128011", "129607", "135319"]
129632	ГРАЖДАНСКИЙ САМОЛЕТ	2	["212", "8659"]
129608	РЕГИОНАЛЬНЫЙ САМОЛЕТ ИЛ-112ВЭ	3	["128011", "129607", "129610"]
129839	АВИАЦИОННЫЙ ИНЖЕНЕР	2	["591", "134744"]
129897	АВТОМАТИЧЕСКАЯ СТЫКОВКА	1	["129898"]
129898	КОСМИЧЕСКАЯ СТЫКОВКА	1	["111652"]
130074	КОСМИЧЕСКАЯ СТАНЦИЯ "МИР"	1	["1024"]
130386	РОССИЙСКИЙ КОСМОНАВТ	1	["3461"]
130817	ПУСК РАКЕТЫ	2	["131907", "153663"]
131422	РОССИЙСКИЙ КОСМИЧЕСКИЙ ПИЛОТИРУЕМЫЙ КОРАБЛЬ	2	["8250", "131425"]
131423	ПИЛОТИРУЕМЫЙ КОРАБЛЬ "СОЮЗ"	1	["131422"]
131424	ПИЛОТИРУЕМЫЙ КОРАБЛЬ "СОЮЗ ТМ"	1	["131422"]
131425	РОССИЙСКИЙ КОСМИЧЕСКИЙ АППАРАТ	1	["1023"]
131609	ЗАТМЕНИЕ НЕБЕСНОГО ТЕЛА	2	["128005", "131601"]
131690	МАРСИАНИН (ЖИТЕЛЬ МАРСА)	1	["128346"]
131691	ГУМАНОИД, ЧЕЛОВЕКОПОДОБНЫЙ ИНОПЛАНЕТЯНИН	1	["128346"]
131907	ЗАПУСК КОСМИЧЕСКИХ АППАРАТОВ	1	["153663"]
132344	ГРУЗОПАССАЖИРСКИЙ САМОЛЕТ	1	["212"]
132370	СПУТНИКОВЫЙ ТЕЛЕФОН	2	["1022", "2414"]
132593	КОВЕР-САМОЛЕТ	3	["169", "211", "132137"]
132749	ВНЕЗЕМНАЯ ЖИЗНЬ	1	["114189"]
132750	ВНЕЗЕМНОГО ПРОИСХОЖДЕНИЯ	1	["125860"]
132751	ВНЕЗЕМНАЯ ЦИВИЛИЗАЦИЯ	1	["132752"]
133709	ПЛАНЕТОХОД	1	["1023"]
132980	КОСМИЧЕСКИЙ ОБЪЕКТ	1	["147133"]
133014	СКОРОПОДЪЕМНОСТЬ	2	["8110", "110034"]
133015	ПОТОЛОК ВЫСОТЫ	3	["8110", "106758", "128182"]
133016	БОМБОВАЯ НАГРУЗКА	1	["8110"]
133050	ЛОНЖЕРОН	1	["143441"]
133058	КОСМИЧЕСКИЙ АППАРАТ ВОЕННОГО НАЗНАЧЕНИЯ	1	["1023"]
133059	ВОЕННЫЙ СПУТНИК	2	["2497", "133058"]
133060	РАЗВЕДЫВАТЕЛЬНЫЙ СПУТНИК	1	["133059"]
133061	ПРОТИВОРАКЕТНЫЙ СПУТНИК	2	["7405", "133059"]
133062	СПУТНИК РАДИОТЕХНИЧЕСКОЙ РАЗВЕДКИ	1	["133060"]
133303	МЕЖПЛАНЕТНЫЙ КОСМИЧЕСКИЙ АППАРАТ	1	["1023"]
133304	МЕЖПЛАНЕТНЫЙ КОСМИЧЕСКИЙ ПОЛЕТ	1	["4494"]
133309	МЕТЕОРОЛОГИЧЕСКАЯ РАКЕТА	2	["10046", "133536"]
133535	УПРАВЛЯЕМАЯ РАКЕТА	1	["3843"]
133536	НЕУПРАВЛЯЕМАЯ РАКЕТА	1	["3843"]
133537	СТУПЕНЬ РАКЕТЫ	2	["2900", "130755"]
133538	МНОГОЦЕЛЕВОЙ ИСТРЕБИТЕЛЬ	1	["7965"]
133547	РАКЕТА НА ТВЕРДОМ ТОПЛИВЕ	1	["3843"]
133548	РАКЕТА НА ЖИДКОМ ТОПЛИВЕ	1	["3843"]
133549	ПОРОХОВАЯ РАКЕТА	1	["133547"]
134402	ПЛАНЕТАРНОЕ КОЛЬЦО	1	["132980"]
134744	АВИАСТРОИТЕЛЬ	1	["129959"]
134965	ПРОТИВОПОЖАРНАЯ АВИАЦИЯ	1	["142555"]
135319	ДАЛЬНЕМАГИСТРАЛЬНЫЙ САМОЛЕТ	1	["212"]
135504	РАКЕТОСТРОЕНИЕ	2	["771", "3803"]
135534	РАЗГОННЫЙ БЛОК	2	["134817", "171124"]
135556	ПРЕДПРИЯТИЕ КОСМИЧЕСКОЙ ОТРАСЛИ	1	["57"]
135557	РЕМОНТ АВИАЦИОННОЙ ТЕХНИКИ	1	["464"]
135558	АВИАРЕМОНТНОЕ ПРЕДПРИЯТИЕ	1	["57"]
135647	ВЕНЕРИАНЕЦ	1	["128346"]
135672	ШЛЮЗОВОЙ ОТСЕК	2	["106555", "133502"]
135749	АВИАГОРИЗОНТ	2	["5411", "8158"]
135869	АФЕЛИЙ ОРБИТЫ	1	["148968"]
135879	ПЕРИГЕЛИЙ ОРБИТЫ	1	["148968"]
136100	МАГНИТНАЯ БУРЯ	2	["111", "106629"]
136135	БОРТОВОЙ САМОПИСЕЦ	2	["142138", "143441"]
136250	ГЕОСТАЦИОНАРНЫЙ СПУТНИК	1	["2497"]
136302	САМОЛЕТ-ТОРПЕДОНОСЕЦ	1	["7378"]
136384	ПЕРЕБОРКА (ТОНКАЯ СТЕНКА)	3	["142763", "143441", "148421"]
136927	ВТОРАЯ КОСМИЧЕСКАЯ СКОРОСТЬ	1	["110034"]
137008	ПАРАБОЛИЧЕСКАЯ АНТЕННА	2	["3746", "4676"]
137074	САМОЛЕТ-ЗАПРАВЩИК	1	["779"]
137142	ПАРАПЛАН (СПОРТИВНЫЙ ПАРАШЮТ)	3	["2498", "4283", "165167"]
137173	КОСМИЧЕСКАЯ БИОЛОГИЯ	1	["32"]
137213	КВАЗАР	1	["132980"]
137236	СКАФАНДР КОСМОНАВТА	1	["108777"]
137238	ВЫХОД В ОТКРЫТЫЙ КОСМОС	1	["117911"]
137293	АВИАШОУ	2	["1443", "4493"]
137574	КОСМОГОНИЯ	1	["19"]
137619	КОСМИЧЕСКИЕ ИССЛЕДОВАНИЯ	1	["6338"]
137876	АВИАЦИОННАЯ ТЕХНИКА	1	["145667"]
137984	НАВИГАЦИОННЫЙ СПУТНИК	1	["2497"]
138496	ЗВЕЗДА ЭКВАТОРИАЛЬНОГО НЕБА	1	["109931"]
138497	ЗВЕЗДА СЕВЕРНОГО ПОЛУШАРИЯ	1	["109931"]
138498	ЗВЕЗДА ЮЖНОГО ПОЛУШАРИЯ	1	["109931"]
138521	РОССИЙСКИЙ КОСМОДРОМ	1	["4200"]
138523	КОСМОДРОМ США	1	["4200"]
138989	АСТРОНОМИЧЕСКАЯ КАРТА	1	["107186"]
139177	ШТУРМАН АВИАЦИИ	1	["4129"]
139405	АЭРОПЛАН (ПРОСТЕЙШИЙ САМОЛЕТ)	1	["212"]
139840	КИЛЬ САМОЛЕТА	2	["107313", "143441"]
139894	МНОГОСТУПЕНЧАТАЯ РАКЕТА	1	["3843"]
140223	КОСМИЧЕСКАЯ НАВИГАЦИЯ	1	["234"]
140224	СПУТНИК МОРСКОЙ СВЯЗИ	2	["1025", "137984"]
140243	КОСМИЧЕСКИЙ ТЕЛЕСКОП	2	["2497", "5271"]
140262	АСТРОГЕОЛОГИЯ	2	["19", "269"]
140283	ДВИГАТЕЛЬ КОСМИЧЕСКОГО КОРАБЛЯ	1	["2100"]
140294	РАЗВЕДЫВАТЕЛЬНЫЙ САМОЛЕТ	1	["779"]
140360	САМОЛЕТ УКОРОЧЕННОГО ВЗЛЕТА	1	["779"]
140361	САМОЛЕТ ВЕРТИКАЛЬНОГО ВЗЛЕТА	1	["779"]
140364	ИССЛЕДОВАНИЕ ЛУНЫ	1	["137619"]
140365	КОСМИЧЕСКИЙ ПОЛЕТ К ЛУНЕ	1	["4494"]
140367	ОБЛОМКИ КОСМИЧЕСКОГО КОРАБЛЯ	1	["137669"]
140389	ВЫЖИВАНИЕ В КОСМОСЕ	1	["130368"]
142555	АВИАТРАНСПОРТНОЕ СРЕДСТВО	2	["169", "137876"]
143168	ПЛАНЕТАРНАЯ СИСТЕМА	1	["132980"]
143190	МЕЖПЛАНЕТНОЕ ПРОСТРАНСТВО	1	["106610"]
143204	КРЕЙСЕРСКИЙ ПОЛЕТ	1	["4493"]
143345	СПОРТИВНЫЙ САМОЛЕТ	1	["212"]
143441	ЧАСТЬ ЛЕТАТЕЛЬНОГО АППАРАТА	1	["143440"]
143471	ЧАРТЕРНЫЙ САМОЛЕТ	1	["129632"]
143513	ТУРБОВИНТОВОЙ САМОЛЕТ	1	["212"]
143629	СИСТЕМА РАСПОЗНАВАНИЯ СВОЙ-ЧУЖОЙ	2	["510", "4150"]
143905	СТРАТЕГИЧЕСКАЯ РАКЕТА	3	["1690", "7408", "143906"]
144067	ТАКТИЧЕСКИЙ ИСТРЕБИТЕЛЬ	2	["7965", "144066"]
144068	ТАКТИЧЕСКИЙ БОМБАРДИРОВЩИК	2	["7378", "144066"]
144552	ПИЛОТИРУЕМЫЙ КОСМИЧЕСКИЙ ПОЛЕТ	1	["4494"]
145262	ОРБИТАЛЬНАЯ ЛАБОРАТОРИЯ	2	["2497", "115143"]
145667	ВОЗДУШНЫЙ ЛЕТАТЕЛЬНЫЙ АППАРАТ	1	["211"]
145859	БОЕВАЯ РАКЕТА	3	["1683", "3843", "5541"]
145990	ОРБИТАЛЬНЫЙ КОСМИЧЕСКИЙ КОРАБЛЬ	1	["1023"]
145995	ШТУРМОВОЙ САМОЛЕТ	2	["112160", "139345"]
145996	ШТУРМОВОЙ ВЕРТОЛЕТ	2	["9417", "139345"]
145997	ПРОТИВОПОЖАРНЫЙ САМОЛЕТ	2	["212", "134965"]
146699	КОМАНДИР ВОЗДУШНОГО СУДНА	2	["216", "106609"]
146858	ЗЕНИТНАЯ РАКЕТА	3	["4824", "133535", "145859"]
146900	ДИСТАНЦИОННОЕ ЗОНДИРОВАНИЕ	3	["112802", "137619", "150284"]
147069	КРЫЛО САМОЛЕТА	2	["111517", "143441"]
147077	САМОЛЕТОСТРОЕНИЕ	1	["467"]
147078	ВЕРТОЛЕТОСТРОЕНИЕ	1	["467"]
147302	ЭКСПЛУАТАЦИЯ ВОЗДУШНОГО СУДНА	1	["149262"]
147406	СОЛНЕЧНОЕ ЗАТМЕНИЕ	1	["131609"]
147407	ЛУННОЕ ЗАТМЕНИЕ	1	["131609"]
147408	ПОЛНОЕ ЗАТМЕНИЕ	1	["131609"]
147517	БОЧКА (ФИГУРА ВЫСШЕГО ПИЛОТАЖА)	1	["125436"]
147640	ЭКСПЕРИМЕНТАЛЬНЫЙ САМОЛЕТ	2	["212", "147641"]
147641	ЭКСПЕРИМЕНТАЛЬНАЯ АВИАЦИЯ	2	["137876", "145973"]
147642	ЭКСПЕРИМЕНТАЛЬНЫЙ ВЕРТОЛЕТ	2	["213", "147641"]
148465	ЭШЕЛОН ПОЛЕТА	1	["106758"]
148669	НЕСУЩЕЕ КРЫЛО	1	["111517"]
148700	КОСМИЧЕСКИЙ ЗОНД	1	["9894"]
148968	ТОЧКА ОРБИТЫ	1	["120377"]
148969	ОКОЛОСОЛНЕЧНАЯ ОРБИТА	1	["122048"]
148970	ОКОЛОЗЕМНАЯ ОРБИТА	1	["122048"]
149021	САНИТАРНЫЙ САМОЛЕТ	2	["212", "8219"]
149810	ОКОЛОЗЕМНОЕ ПРОСТРАНСТВО	1	["106610"]
150097	САМОЛЕТ-НЕВИДИМКА	1	["779"]
151466	БЕЛЫЙ КАРЛИК	1	["165441"]
153295	ГЛОНАСС	1	["153294"]
153294	СПУТНИКОВАЯ СИСТЕМА НАВИГАЦИИ	1	["165434"]
153414	СПУСКАЕМЫЙ КОСМИЧЕСКИЙ АППАРАТ	1	["1023"]
153754	БУЛАВА (РАКЕТА)	1	["7381"]
153822	АВИАЦИОННАЯ РАКЕТА	1	["145859"]
153823	РАКЕТА ВОЗДУХ-ПОВЕРХНОСТЬ	2	["133535", "153822"]
153827	РАКЕТА ВОЗДУХ-ВОЗДУХ	1	["153822"]
153865	ПОСАДКА ЛЕТАТЕЛЬНОГО АППАРАТА	2	["108824", "115245"]
153866	ЖЕСТКАЯ ПОСАДКА	2	["4151", "153867"]
153867	АВАРИЙНАЯ ПОСАДКА	1	["5634"]
153868	ЗАХОД НА ПОСАДКУ	2	["107441", "154265"]
154212	ПОСАДКА НА БРЮХО	1	["153866"]
154548	ПРИЛУНЕНИЕ	1	["153865"]
154833	РАКЕТА-НОСИТЕЛЬ АНГАРА	1	["6783"]
154834	РАКЕТА-НОСИТЕЛЬ ПРОТОН	1	["6783"]
154841	ЦЕНТР УПРАВЛЕНИЯ ПОЛЕТАМИ	1	["3460"]
155327	КОД-ШЕРИНГ	1	["2747"]
155391	НАБЛЮДАТЕЛЬНЫЙ ПОЛЕТ	1	["4493"]
155407	АЭРОФОБИЯ	1	["135768"]
155461	ВЫПУСК ШАССИ	1	["130464"]
155462	УБИРАНИЕ ШАССИ	1	["110912"]
155467	ГЛИССАДА	1	["116178"]
155468	СПЕЦСАМОЛЕТ	1	["212"]
155475	РАДИОВЫСОТОМЕР	2	["125893", "145332"]
155554	ВЗЛЕТ ЛЕТАТЕЛЬНОГО АППАРАТА	1	["107453"]
155613	КАТАПУЛЬТНОЕ КРЕСЛО	1	["132300"]
155621	БИЗНЕС-ДЖЕТ	2	["212", "214"]
155748	СУПЕРЛУНИЕ	1	["128005"]
155773	ВОЗДУШНОЕ ТАКСИ	2	["142555", "144362"]
155931	РАКЕТА "ТОМАГАВК"	1	["1692"]
155944	АКЦИОНЕРНОЕ ОБЩЕСТВО "ВЕРТОЛЕТЫ РОССИИ"	2	["128015", "129624"]
155954	АО "ГРАЖДАНСКИЕ САМОЛЕТЫ СУХОГО"	2	["128015", "129624"]
155966	РОСТОВСКИЙ ВЕРТОЛЕТНЫЙ ПРОИЗВОДСТВЕННЫЙ КОМПЛЕКС	1	["128015"]
155998	НАУЧНО-ПРОИЗВОДСТВЕННАЯ КОРПОРАЦИЯ "ИРКУТ"	2	["128015", "166960"]
156006	ЭКЗОПЛАНЕТА	1	["3660"]
156013	КАЗАНСКИЙ ВЕРТОЛЕТНЫЙ ЗАВОД	1	["128015"]
156179	УЛАН-УДЭНСКИЙ АВИАЦИОННЫЙ ЗАВОД	1	["5942"]
156183	РОССИЙСКИЕ КОСМИЧЕСКИЕ СИСТЕМЫ	1	["155963"]
156200	АО "КЛИМОВ"	1	["3300"]
156368	КАЗАНСКИЙ АВИАЦИОННЫЙ ЗАВОД ИМЕНИ С.П. ГОРБУНОВА	1	["5942"]
156463	КОСМИЧЕСКИЙ КОРАБЛЬ ПРОГРЕСС	2	["131425", "172353"]
156550	СПУТНИК ГЛОНАСС	1	["137984"]
156644	ЛЕТНЫЙ ЭКИПАЖ	1	["2128"]
156645	КАБИННЫЙ ЭКИПАЖ	1	["2128"]
156676	СОЛНЕЧНЫЙ ВЕТЕР	3	["109230", "128005", "145333"]
164962	ВОРОНЕЖСКОЕ АКЦИОНЕРНОЕ САМОЛЕТОСТРОИТЕЛЬНОЕ ОБЩЕСТВО	2	["5942", "166960"]
164974	РАКЕТА-НОСИТЕЛЬ РОКОТ	1	["6783"]
164975	АВИАСТРОИТЕЛЬНЫЙ ЗАВОД "ПРОГРЕСС" ИМЕНИ САЗЫКИНА	1	["128015"]
164990	НОВОСИБИРСКИЙ АВИАЦИОННЫЙ ЗАВОД ИМЕНИ В. П. ЧКАЛОВА	1	["5942"]
165079	ПОЛЕТ ГАГАРИНА В КОСМОС	2	["126898", "144552"]
165095	КОСМОДРОМ ВОСТОЧНЫЙ	1	["138521"]
165132	ГИПЕРЗВУКОВАЯ РАКЕТА	1	["145859"]
165133	РАКЕТА "КИНЖАЛ"	2	["7383", "172576"]
165150	РАКЕТА ПЭТРИОТ	2	["7406", "8363"]
165152	САМОЛЕТ СЕМЕЙСТВА СУХОЙ	2	["128012", "172355"]
165153	ИСТРЕБИТЕЛЬ СУ	2	["7965", "165152"]
165164	СУХОЙ СУПЕРДЖЕТ	2	["129602", "165152"]
165166	ЛЕГКОМОТОРНЫЙ САМОЛЕТ	2	["212", "165167"]
165167	СВЕРХЛЕГКИЙ ЛЕТАТЕЛЬНЫЙ АППАРАТ	1	["8728"]
165273	КОМСОМОЛЬСКИЙ-НА-АМУРЕ АВИАЦИОННЫЙ ЗАВОД ИМЕНИ Ю. А. ГАГАРИН	1	["5942"]
165278	ТАГАНРОГСКИЙ АВИАЦИОННЫЙ НАУЧНО-ТЕХНИЧЕСКИЙ КОМПЛЕКС	1	["5942"]
165279	АВИАСТАР-СП	1	["5942"]
165272	ИСТРЕБИТЕЛЬ СУ-35	4	["165153", "168888", "172353", "172357"]
165329	ЛЕТНЫЕ ИСПЫТАНИЯ	1	["153282"]
165378	САМОЛЕТ СЕМЕЙСТВА МИГ	1	["172355"]
165379	ИСТРЕБИТЕЛЬ СУ-27	2	["165153", "172353"]
165380	ИСТРЕБИТЕЛЬ МИГ-29	3	["7965", "165378", "172353"]
165381	ПРОТИВОЛОДОЧНЫЙ САМОЛЕТ	2	["779", "7577"]
165385	ИСТРЕБИТЕЛЬ СУ-57	6	["7965", "122124", "165153", "172353", "172357", "173219"]
165387	ВЕРТОЛЕТ К-50	3	["165389", "172353", "172367"]
165388	АО "КАМОВ"	1	["2398"]
165389	ВЕРТОЛЕТ СЕМЕЙСТВА "КАМОВ"	1	["172355"]
165426	ИСТРЕБИТЕЛЬ МИГ-31	3	["122126", "165378", "172353"]
165434	ОРБИТАЛЬНАЯ СПУТНИКОВАЯ ГРУППИРОВКА	2	["1023", "114287"]
165438	КОРИЧНЕВЫЙ КАРЛИК	1	["3540"]
165439	КРАСНЫЙ КАРЛИК	1	["165441"]
165441	КАРЛИКОВАЯ ЗВЕЗДА	1	["109931"]
165467	КОСМИЧЕСКАЯ ПОГОДА	1	["128005"]
165542	СТАРТОВЫЙ КОМПЛЕКС	1	["106621"]
165643	ОРБИТАЛЬНЫЙ САМОЛЕТ	1	["1023"]
165712	МАРСОХОД	1	["133709"]
165888	СКОПЛЕНИЕ ГАЛАКТИК	1	["132980"]
165998	РАДИОГАЛАКТИКА	1	["8620"]
166007	МОТОПАРАПЛАН	1	["137142"]
166158	МЕХАНИЗАЦИЯ КРЫЛА	1	["143441"]
166318	ЗАКРЫЛОК	1	["166158"]
166463	ВИНТОКРЫЛЫЙ ЛЕТАТЕЛЬНЫЙ АППАРАТ	1	["137876"]
166464	ГИРОПЛАН	1	["166463"]
166468	РАКЕТА "ЦИРКОН"	3	["1692", "133531", "172576"]
166441	ЭКЗОЛУНА	1	["116356"]
166724	РЕЧЕВОЙ САМОПИСЕЦ	1	["136135"]
166737	МАКСИМАЛЬНАЯ ВЗЛЕТНАЯ МАССА	2	["8110", "140481"]
166855	ЭЛЛИПТИЧЕСКАЯ ГАЛАКТИКА	1	["8620"]
166856	СПИРАЛЬНАЯ ГАЛАКТИКА	1	["8620"]
166974	СВЕРХГИГАНТ (ЗВЕЗДА)	1	["109931"]
167103	БОРТОВОЙ ТРАП	2	["143441", "143455"]
167119	КАРЛИКОВАЯ ПЛАНЕТА	1	["3660"]
167126	ХОНДРИТ (МЕТЕОРИТ)	2	["8192", "108698"]
167221	ХВОСТОВОЕ ОПЕРЕНИЕ САМОЛЕТА	1	["143441"]
112886	ХВОСТ ЛЕТАТЕЛЬНОГО АППАРАТА	2	["112766", "143441"]
167222	ГОРИЗОНТАЛЬНОЕ ОПЕРЕНИЕ	1	["167221"]
167223	ВЕРТИКАЛЬНОЕ ОПЕРЕНИЕ	1	["167221"]
167289	ОРБИТАЛЬНЫЙ ПОЛЕТ	2	["4494", "115204"]
167294	СТРЕЛОВИДНОСТЬ КРЫЛА	2	["106559", "111752"]
167329	ТВЕРДОТОПЛИВНЫЙ РАКЕТНЫЙ ДВИГАТЕЛЬ	1	["2900"]
167373	БЕСПИЛОТНЫЙ РАЗВЕДЫВАТЕЛЬНЫЙ АППАРАТ	2	["140294", "167368"]
167368	ВОЕННЫЙ БЕСПИЛОТНИК	2	["9416", "167369"]
167369	БЕСПИЛОТНОЕ ВОЗДУШНОЕ СУДНО	1	["3881"]
167371	ТУРЕЦКИЙ БЕСПИЛОТНИК BAYRAKTAR	2	["167372", "172544"]
167372	УДАРНЫЙ БЕСПИЛОТНИК	1	["167368"]
167459	ПОЯС АСТЕРОИДОВ	2	["107509", "132980"]
167668	САМОЛЕТ СУДНОГО ДНЯ	2	["779", "156580"]
167671	ДРОН-КАМИКАДЗЕ	2	["811", "167372"]
167802	СЕЛЬСКОХОЗЯЙСТВЕННЫЙ ДРОН	2	["2384", "167369"]
168109	ДРОН ГЕРАНЬ	2	["167671", "172469"]
168105	ОРЕШНИК (РАКЕТА)	1	["7382"]
168124	МЕЖКОНТИНЕНТАЛЬНАЯ БАЛЛИСТИЧЕСКАЯ РАКЕТА "АВАНГАРД"	2	["4124", "172576"]
168116	БПЛА ЛАНЦЕТ	2	["167671", "172375"]
168157	БПЛА MQ-9 REAPER	3	["167372", "167373", "172354"]
168147	МОРСКОЙ БЕСПИЛОТНЫЙ АВИАЦИОННЫЙ КОМПЛЕКС	1	["167368"]
173097	РАКЕТА GMLRS	1	["3843"]
173095	БПЛА "БОБР"	3	["167373", "167671", "172469"]
168888	ИСТРЕБИТЕЛЬ ЧЕТВЕРТОГО ПОКОЛЕНИЯ	1	["7965"]
168887	ФРАНЦУЗСКИЙ ИСТРЕБИТЕЛЬ	2	["7965", "172459"]
168886	DASSAULT MIRAGE 2000	3	["133538", "168887", "168888"]
169166	ОПТОВОЛОКОННЫЙ ДРОН	1	["167372"]
169116	НЕЙТРОННАЯ ЗВЕЗДА	1	["109931"]
170386	STORM SHADOW	1	["1692"]
170575	КОСМИЧЕСКАЯ ИНФРАСТРУКТУРА	1	["133852"]
170590	СТАРТОВЫЙ СТОЛ	1	["110263"]
171124	СРЕДСТВА ВЫВЕДЕНИЯ КОСМИЧЕСКИХ ОБЪЕКТОВ	1	["956"]
171126	ГОЛОВНОЙ ОБТЕКАТЕЛЬ	1	["171125"]
171127	ПЕРЕХОДНЫЙ ОТСЕК	1	["171125"]
171125	КОСМИЧЕСКАЯ ГОЛОВНАЯ ЧАСТЬ	1	["171124"]
171357	НАЗЕМНЫЙ БЕСПИЛОТНИК	2	["154868", "167368"]
171612	СТАРЛИНК (ГРУППИРОВКА СПУТНИКОВ)	1	["165434"]
172349	ИСТРЕБИТЕЛЬ СУ-34	2	["165153", "172353"]
172165	ИСТРЕБИТЕЛЬ ЕВРОФАЙТЕР ТАЙФУН	1	["133538"]
172348	ИСТРЕБИТЕЛЬ СУ-33	2	["165153", "172353"]
172367	СКОРОСТНОЙ БЕСПИЛОТНЫЙ ВЕРТОЛЕТ	2	["9417", "145996"]
172357	ТЯЖЕЛЫЙ ИСТРЕБИТЕЛЬ	1	["7965"]
172356	ИСТРЕБИТЕЛЬ СУ-30СМ	3	["165153", "172353", "172357"]
172358	ИСТРЕБИТЕЛЬ МИГ-35	3	["7965", "165378", "172353"]
172359	ИСТРЕБИТЕЛЬ СУ-75	2	["122126", "165153"]
165382	ТУПОЛЕВ-142	2	["129598", "165381"]
172363	САМОЛЕТ ИЛ-276	2	["121964", "129607"]
172391	САМОЛЕТ ДРЛО А-100	3	["212", "122124", "172434"]
172355	РОССИЙСКИЙ ВОЕННЫЙ САМОЛЕТ	3	["779", "122124", "172353"]
172364	САМОЛЕТ ИЛ-76	2	["121964", "172355"]
172362	САМОЛЕТ ИЛ-78	2	["137074", "172355"]
172369	ВЕРТОЛЕТ МИ-26	2	["9417", "172353"]
172368	ВЕРТОЛЕТ МИ-35М	2	["9417", "172353"]
172370	ВЕРТОЛЕТ МИ-38	2	["9417", "172353"]
172371	ВЕРТОЛЕТ МИ-8	2	["9417", "172353"]
172372	ВЕРТОЛЕТ КА-226	2	["9417", "172353"]
172366	ВЕРТОЛЕТ КА-52	3	["145996", "172353", "172367"]
172361	ПАК ДА	3	["7379", "121964", "172355"]
172380	МЕЖКОНТИНЕНТАЛЬНАЯ БАЛЛИСТИЧЕСКАЯ РАКЕТА "ЯРС"	3	["4124", "143905", "172353"]
172378	КРАЛАТАЯ РАКЕТА "КАЛИБР"	1	["1692"]
172360	БОМБАРДИРОВЩИК-РАКЕТОНОСЕЦ ТУ-160	4	["7379", "129598", "172353", "172355"]
172365	ВЕРТОЛЕТ МИ-28Н	3	["9417", "145996", "172353"]
172350	ИСТРЕБИТЕЛЬ СУ-32	3	["165152", "165153", "172353"]
172434	САМОЛЕТ ДРЛО	1	["779"]
9417	ВОЕННЫЙ ВЕРТОЛЕТ РОССИИ	2	["172353", "172437"]
172437	ВОЕННЫЙ ВЕРТОЛЕТ	2	["213", "9416"]
172439	FPV-ДРОН	2	["167368", "167373"]
172576	ГИПЕРЗВУКОВЫЕ РАКЕТНЫЕ КОМПЛЕКСЫ РОССИИ	2	["165132", "172575"]
172666	МАЛЫЙ РАЗВЕДЫВАТЕЛЬНЫЙ БПЛА	1	["167373"]
172659	БПЛА PENGUIN C	2	["167373", "172660"]
172662	БПЛА А1-СМ "ФУРИЯ"	1	["173139"]
172665	МАЛЫЙ БПЛА RQ-11 "RAVEN"	2	["172354", "172666"]
172663	БПЛА-МП-1 "SPECTATOR"	2	["167373", "172469"]
172658	БЕСПИЛОТНИК POSEIDON H10	1	["173139"]
172655	БПЛА PRIMOCO ONE 150	2	["167373", "172476"]
172667	БПЛА SKY-WATCH "HEIDRUN"	2	["172666", "172668"]
172664	БПЛА FLYEYE	2	["167373", "172472"]
172730	ВОЕННЫЙ ВЕРТОЛЕТ УКРАИНЫ	2	["172437", "172469"]
172732	ВЕРТОЛЕТ BELL 47 ЛЕВ-1	1	["172730"]
172731	ВЕРТОЛЕТ МИ-24 ПУ1	1	["172730"]
172676	РАЗВЕДБЕСПИЛОТНИК АAEVEX AEROSPACE "PHOENIX GHOST"	2	["167373", "172354"]
172671	БПЛА AEROVIRONMENT "PUMA"	2	["172354", "172666"]
172677	БПЛА WARMATE	3	["3881", "172469", "172472"]
172673	БПЛА REVOLVER 860	1	["167373"]
172657	БПЛА V-BAT MQ-35A	2	["167373", "172354"]
172670	БПЛА AEROVIRONMENT "QUANTIX"	2	["172354", "172666"]
172678	БПЛА MALLOY T150	2	["167373", "172445"]
172734	БПЛА LUNA	3	["3881", "167373", "172446"]
172674	ДРОН BLACK HORNET NANO	2	["167373", "172629"]
172764	КРЫЛАТАЯ РАКЕТА НЕПТУН	3	["1692", "133531", "172469"]
165386	РАКЕТА FALCON	1	["6783"]
172842	РАКЕТА BGM-71 TOW	2	["155295", "172354"]
172841	РАКЕТА FGM-148 JAVELIN	2	["155295", "172354"]
172837	РАКЕТА "СТУГНА-П"	2	["155295", "172469"]
172840	ПРОТИВОТАНКОВАЯ РАКЕТА NLAW	3	["155295", "172445", "172452"]
172843	ПЕХОТНАЯ ПРОТИВОТАНКОВАЯ РАКЕТА МИЛАН	3	["155295", "172446", "172459"]
172868	ИСТРЕБИТЕЛЬ F-16	3	["779", "133538", "172354"]
172869	ИСТРЕБИТЕЛЬ CAC/PAC JF-17	4	["7965", "133538", "172949", "172988"]
172885	КИТАЙСКИЙ ИСТРЕБИТЕЛЬ J-10	2	["7965", "172949"]
172891	ТВЕРДОТОПЛИВНАЯ МЕЖКОНТИНЕНТАЛЬНАЯ БАЛЛИСТИЧЕСКАЯ РАКЕТА	1	["4124"]
172892	ТВЕРДОТОПЛИВНАЯ МЕЖКОНТИНЕНТАЛЬНАЯ БАЛЛИСТИЧЕСКАЯ РАКЕТА "ХВАСОНПХО-20"	2	["172891", "173009"]
172899	ИСТРЕБИТЕЛЬ ДАССО "РАФАЛЬ"	2	["133538", "168887"]
172893	ИСТРЕБИТЕЛЬ MCDONNEL DOUGLAS F-15A EAGLE	2	["7965", "172354"]
172903	AIRBUS A330 MULTI ROLE TANKER TRANSPORT PLUS (MRTT+)	1	["137074"]
172871	ВОЕННО-ТРАНСПОРТНЫЙ САМОЛЕТ AIRBUS A400M ATLAS	2	["121964", "143513"]
172884	ИСТРЕБИТЕЛЬ SAAB JAS-39E GRIPEN	2	["7965", "172452"]
172918	LOCKHEED MARTIN F-16C/D BLOCK 52	2	["172354", "172868"]
172919	F-16V (VIPER) BLOCK 72	2	["172354", "172868"]
172922	ИСТРЕБИТЕЛЬ LOCKHEED MARTIN F-35B LIGHTNING II	2	["7965", "172354"]
172925	РАКЕТА BLACKBEARD GL	3	["144065", "165132", "172354"]
172941	МНОГОЦЕЛЕВОЙ ВЕРТОЛЕТ UH-169D LUH	2	["172437", "172942"]
172942	ВОЕННЫЙ ВЕРТОЛЕТ ИТАЛИИ	1	["172437"]
172945	АВИАЦИОННАЯ КРЫЛАТАЯ РАКЕТА С8000 "БАНДЕРОЛЬ"	1	["1692"]
172961	КРЫЛАТАЯ РАКЕТА ТАУРУС	2	["1692", "172446"]
172933	ЧЕШСКИЙ УЧЕБНО-БОЕВОЙ САМОЛЕТ L-39 ALBATROS	2	["172476", "173159"]
7965	САМОЛЕТ-ИСТРЕБИТЕЛЬ	1	["112160"]
173002	LOCKHEED C-130 HERCULES	2	["121964", "172354"]
173014	КРЫЛАТАЯ РАКЕТА США ВОЗДУШНОГО БАЗИРОВАНИЯ ERAM	2	["1692", "172354"]
173021	КИТАЙСКИЙ ИСТРЕБИТЕЛЬ J-35A	2	["172949", "173078"]
172675	РАЗВЕДБЕСПИЛОТНИК AEROVIRONMENT "SWITCHBLADE"	2	["167373", "172354"]
173004	САМОЛЕТ KAWASAKI C-2	2	["121964", "172921"]
173003	САМОЛЕТ KAWASAKI C-1	2	["121964", "172921"]
173007	САМОЛЕТ EMBRAER C-390 MILLENNIUM	2	["121964", "173006"]
173020	АМЕРИКАНСКИЙ ВОЕННЫЙ ВЕРТОЛЕТ SIKORSKY HH-60W	2	["172354", "172437"]
173008	КИТАЙСКАЯ БАЛЛИСТИЧЕСКАЯ РАКЕТА МАЛОЙ ДАЛЬНОСТИ "ХВАСОН-11МА"	2	["5840", "173009"]
173096	УКРАИНСКИЙ БПЛА "БОБЕР"	1	["173139"]
173094	БПЛА "БАБА-ЯГА"	2	["167373", "172469"]
155295	ПРОТИВОТАНКОВАЯ УПРАВЛЯЕМАЯ РАКЕТА	2	["7961", "133535"]
172379	МЕЖКОНТИНЕНТАЛЬНАЯ БАЛЛИСТИЧЕСКАЯ РАКЕТА "САРМАТ"	1	["4124"]
172839	ПРОТИВОТАНКОВЫЙ РАКЕТНЫЙ КОМПЛЕКС "КОРСАР"	2	["155295", "172469"]
173078	СТЕЛС-ИСТРЕБИТЕЛЬ ПЯТОГО ПОКОЛЕНИЯ	1	["7965"]
173085	ТАКТИЧЕСКАЯ БАЛЛИСТИЧЕСКАЯ РАКЕТА ATACMS	4	["5840", "133547", "144065", "172354"]
173093	БПЛА АСУ-1 "ВАЛЬКИРИЯ"	2	["167373", "172469"]
173092	БПЛА АН-196 "ЛЮТЫЙ"	2	["167373", "172469"]
172672	БПЛА "VECTOR"	2	["172446", "172666"]
172661	БПЛА BOEING INSITU SCANEAGLE	2	["167373", "172354"]
173118	БПЛА ЛЕЛЕКА-100	2	["167373", "172469"]
173146	БЕСПИЛОТНИК США MQ-9B SEAGUARDIAN	2	["3881", "172354"]
173125	БЕСПИЛОТНИК BAYRAKTAR TB3	1	["167371"]
173134	БПЛА STING	2	["167373", "172469"]
173133	БПЛА SHAHED 136	1	["167373"]
173132	БПЛА SHAHED 131	1	["167373"]
173135	БЕСПИЛОТНИК UJ-22 AIRBORNE	1	["173139"]
173128	БПЛА EMT LUNA X-2000	2	["3881", "172446"]
173126	БПЛА CAMCOPTER S-100	1	["167369"]
173139	УКРАИНСКИЙ БПЛА	2	["3881", "172469"]
173143	НРТК КУРЬЕР	1	["171357"]
173131	DJI MAVIC	2	["3881", "172949"]
173127	E-300 ENTERPRISE	2	["167671", "172469"]
173130	MOHAJER-6	1	["3881"]
173136	БПЛА "ГОР"	2	["3881", "172469"]
173144	ГЕКСАКОПТЕР МАНГАС	2	["167369", "172441"]
173155	ДРОН ГЕРАНЬ‑2	1	["168109"]
173154	ДРОН ГЕРАНЬ‑4	1	["168109"]
173153	ДРОН ГЕРАНЬ‑5	1	["168109"]
173164	САМОЛЕТ ИЛ-76МД-90А	2	["129607", "172353"]
173124	БЕСПИЛОТНИК BAYRAKTAR TB2	2	["167371", "172544"]
173159	УЧЕБНО-ТРЕНИРОВОЧНЫЙ САМОЛЕТ	2	["212", "779"]
173165	САМОЛЕТ BEECHCRAFT T-6 TEXAN II	2	["172354", "173159"]
173158	САМОЛЕТ T-7A RED HAWK	2	["172354", "173159"]
173187	ПАТРУЛЬНЫЙ САМОЛЕТ BOEING P-8A POSEIDON ВВС США	2	["165381", "172354"]
173183	УЧЕБНО-ТРЕНИРОВОЧНЫЙ САМОЛЕТ T-6JP TEXAN II	2	["172354", "173159"]
173188	САМОЛЕТ ДРЛО GLOBALEYE	2	["172434", "172452"]
173197	ТУРЕЦКИЙ УЧЕБНО-БОЕВОЙ САМОЛЕТ HURJET	2	["172544", "173159"]
173218	УЧЕБНО-БОЕВОЙ САМОЛЕТ ЯК-130	3	["129606", "172353", "173159"]
173219	ИСТРЕБИТЕЛЬ ПЯТОГО ПОКОЛЕНИЯ	1	["7965"]
173231	БОЕВОЙ РОБОТ "УРАН-9"	2	["171357", "172353"]
173232	ПЛАТФОРМА-М	2	["171357", "172353"]
173178	БЕСПИЛОТНИК MQ‑9B SKYGUARDIAN	2	["3881", "172354"]
173177	МОРСКОЙ ПАТРУЛЬНЫЙ САМОЛЕТ BOMBARDIER CL-604 CHALLENGER	1	["165381"]
173303	ПРОТИВОТАНКОВАЯ УПРАВЛЯЕМАЯ РАКЕТА 9П162 КОРНЕТ-Т	2	["155295", "172353"]
173409	РАКЕТА Х-31П	3	["133535", "153822", "172353"]
173410	РАКЕТА Х-31АД	4	["133531", "144065", "153822", "172353"]
173412	РАКЕТА Х-29ТЕ	5	["133535", "144065", "153822", "153823", "172353"]
173414	РАКЕТА Р-73Э	4	["133535", "153822", "153827", "172353"]
173413	РАКЕТА ГРОМ-Э1	4	["133535", "153822", "153823", "172353"]
173416	РАКЕТА РВВ-АЕ	3	["153822", "153827", "172353"]
173417	РАКЕТА РВВ-МД	4	["133535", "153822", "153827", "172353"]
173418	РАКЕТА РВВ-СД	4	["133535", "153822", "153827", "172353"]
173406	РАКЕТА РВВ-БД	4	["133535", "153822", "153827", "172353"]
173427	АЭРОСТАТ АКВ-05	2	["9479", "172353"]
173428	АЭРОСТАТ "ПЕРЕСВЕТ	2	["9479", "172353"]
173429	ДИРИЖАБЛЬ "AU-30 АРГУС"	2	["9480", "172353"]
173430	ДИРИЖАБЛЬ "АТЛАНТ-30"	2	["9480", "172353"]
173436	РАЗВЕДЫВАТЕЛЬНЫЙ БПЛА "ИСКАТЕЛЬ"	2	["167373", "172353"]
173438	ВЕРТОЛЕТ АНСАТ	2	["9417", "172353"]
173439	ВЕРТОЛЕТ AS355N ÉCUREUIL 2	2	["9417", "172353"]
173440	ВЕРТОЛЕТ КА-27	2	["9417", "172353"]
173441	ВЕРТОЛЕТ КА-32	2	["9417", "172353"]
173443	ВЕРТОЛЕТ МИ-17В-5	2	["9417", "172353"]
173444	ВЕРТОЛЕТ МИ-171Ш	2	["9417", "172353"]
173446	ВЕРТОЛЕТ МИ-8АМТШ	2	["9417", "172353"]
173448	ВЕРТОЛЕТ МИ-35	2	["9417", "172353"]
173449	ВЕРТОЛЕТ МИ-24	3	["9417", "145996", "172353"]
173453	РАКЕТА-НОСИТЕЛЬ СОЮЗ-ФГ	2	["6783", "172353"]
173435	БПЛА DJI PHANTOM 3	2	["167373", "172353"]
173452	РАКЕТА-НОСИТЕЛЬ ПРОТОН-М	2	["6783", "172353"]
173454	РАКЕТА-НОСИТЕЛЬ ДНЕПР	2	["6783", "172353"]
173456	СЛУЖЕБНЫЙ МОДУЛЬ "ЗВЕЗДА"	2	["172353", "173455"]
173457	МАЛЫЙ ИССЛЕДОВАТЕЛЬСКИЙ МОДУЛЬ "ПОИСК	2	["172353", "173455"]
173458	СТЫКОВОЧНЫЙ ОТСЕК-МОДУЛЬ "ПИРС"	2	["172353", "173455"]
173460	МОДУЛЬ МКС "ЗАРЯ"	2	["172353", "173455"]
173461	ТРАНСПОРТНЫЙ ПИЛОТИРУЕМЫЙ КОСМИЧЕСКИЙ КОРАБЛЬ "СОЮЗ-МС"	3	["8250", "172353", "173455"]
173462	ТРАНСПОРТНЫЙ ГРУЗОВОЙ КОРАБЛЬ "ПРОГРЕСС"	2	["172353", "173455"]
173468	БПЛА-МИШЕНЬ "ДАНЬ"	2	["3881", "172353"]
173465	МАЛЫЙ ИССЛЕДОВАТЕЛЬСКИЙ МОДУЛЬ "РАССВЕТ"	2	["172353", "173455"]
173471	СПУТНИК ОПТИЧЕСКОЙ РАЗВЕДКИ "ПЕРСОНА"	2	["133060", "172353"]
173407	АВИАЦИОННАЯ УПРАВЛЯЕМАЯ РАКЕТА КЛАССА "ВОЗДУХ – ВОЗДУХ" БОЛЬШОЙ ДАЛЬНОСТИ	2	["133535", "153827"]
173408	РАКЕТА С-8КОМ	3	["133536", "153822", "172353"]
173450	КОСМИЧЕСКИЙ АППАРАТ ДИСТАНЦИОННОГО ЗОНДИРОВАНИЯ ЗЕМЛИ	1	["956"]
173455	КОСМИЧЕСКИЕ АППАРАТЫ В СОСТАВЕ МКС	1	["1023"]
173469	МАЛЫЙ АППАРАТ ДИСТАНЦИОННОГО ЗОНДИРОВАНИЯ ЗЕМЛИ	1	["173450"]
173502	СТРАТЕГИЧЕСКИЙ БОМБАРДИРОВЩИК ТУ-160М2	2	["129598", "172353"]
173503	ВОЕННО-ТРАНСПОРТНЫЙ САМОЛЕТ АН-26	3	["121964", "129609", "172353"]
173508	САМОЛЕТ ЯК-152	2	["172353", "173159"]
173510	ИСТРЕБИТЕЛЬ СУ-24	2	["165153", "172353"]
173511	БОМБАРДИРОВЩИК-РАКЕТОНОСЕЦ ТУ-95	2	["129598", "172353"]
173512	ИСТРЕБИТЕЛЬ-БОМБАРДИРОВЩИК СУ-34Э	2	["165153", "172353"]
173505	САМОЛЕТ АН-12	3	["121964", "129609", "172353"]
173506	САМОЛЕТ АН-72	3	["5924", "129609", "172353"]
173509	ИСТРЕБИТЕЛЬ МИГ-29К	3	["133538", "165378", "172353"]
173500	САМОЛЕТ ИЛ-78МК-90А	3	["121964", "129607", "172353"]
173535	РОССИЙСКАЯ СИСТЕМА КОСМИЧЕСКОЙ РАЗВЕДКИ "ЛИАНА"	2	["153294", "172353"]
173504	САМОЛЕТ-АМФИБИЯ БЕ-200	2	["9625", "172353"]
173591	ДИРИЖАБЛЬ АТЛАНТ-100	2	["9480", "172353"]
173829	КРЫЛАТАЯ РАКЕТА ФЛАМИНГО	2	["1692", "172469"]
174010	СИСТЕМА СПУТНИКОВОЙ СВЯЗИ	1	["2562"]
174023	РАКЕТНЫЙ КОМПЛЕКС СТРАТЕГИЧЕСКОГО НАЗНАЧЕНИЯ РТ-2ПМ2 "ТОПОЛЬ-М2"	3	["4124", "7491", "172353"]
174022	РАКЕТНЫЙ КОМПЛЕКС УР-100Н УТТХ	3	["4124", "7491", "172353"]
